target_id,split,target_symbol,origin_program_id,origin_function_id,origin_source_symbol,origin_role,counted_as_eligible,support_only
p01_reuse000,train,p05_f01_adj_init,p05,p05_f01_adj_init,p05_f01_adj_init,DONOR,YES,NO
p01_reuse000,train,p05_f02_adj_add_edge,p05,p05_f02_adj_add_edge,p05_f02_adj_add_edge,DONOR,YES,NO
p01_reuse000,train,p05_f03_adj_has_edge,p05,p05_f03_adj_has_edge,p05_f03_adj_has_edge,DONOR,YES,NO
p01_reuse000,train,p05_f04_adj_in_degree,p05,p05_f04_adj_in_degree,p05_f04_adj_in_degree,DONOR,YES,NO
p01_reuse000,train,p05_f05_adj_out_degree,p05,p05_f05_adj_out_degree,p05_f05_adj_out_degree,DONOR,YES,NO
p01_reuse000,train,p05_f06_graph_bfs,p05,p05_f06_graph_bfs,p05_f06_graph_bfs,DONOR,YES,NO
p01_reuse000,train,p05_f07_graph_dfs_iterative,p05,p05_f07_graph_dfs_iterative,p05_f07_graph_dfs_iterative,DONOR,YES,NO
p01_reuse000,train,p05_f08_graph_has_cycle_directed,p05,p05_f08_graph_has_cycle_directed,p05_f08_graph_has_cycle_directed,DONOR,YES,NO
p01_reuse000,train,p05_f09_graph_connected_components,p05,p05_f09_graph_connected_components,p05_f09_graph_connected_components,DONOR,YES,NO
p01_reuse000,train,p05_f10_graph_bipartite_check,p05,p05_f10_graph_bipartite_check,p05_f10_graph_bipartite_check,DONOR,YES,NO
p01_reuse000,train,p05_f11_graph_transitive_closure,p05,p05_f11_graph_transitive_closure,p05_f11_graph_transitive_closure,DONOR,YES,NO
p01_reuse000,train,p05_f12_graph_density,p05,p05_f12_graph_density,p05_f12_graph_density,DONOR,YES,NO
p01_reuse000,train,p05_f13_graph_isolate_count,p05,p05_f13_graph_isolate_count,p05_f13_graph_isolate_count,DONOR,YES,NO
p01_reuse000,train,p05_f14_graph_eulerian_path_check,p05,p05_f14_graph_eulerian_path_check,p05_f14_graph_eulerian_path_check,DONOR,YES,NO
p01_reuse000,train,p05_f15_graph_subgraph_induced,p05,p05_f15_graph_subgraph_induced,p05_f15_graph_subgraph_induced,DONOR,YES,NO
p01_reuse000,train,p05_f16_graph_vertex_eccentricity,p05,p05_f16_graph_vertex_eccentricity,p05_f16_graph_vertex_eccentricity,DONOR,YES,NO
p01_reuse025,train,p01_f06_crc32_table_driven,p01,p01_f06_crc32_table_driven,p01_f06_crc32_table_driven,QUERY_REUSED,YES,NO
p01_reuse025,train,p01_f11_luhn_validate,p01,p01_f11_luhn_validate,p01_f11_luhn_validate,QUERY_REUSED,YES,NO
p01_reuse025,train,p01_f15_pearson_hash8,p01,p01_f15_pearson_hash8,p01_f15_pearson_hash8,QUERY_REUSED,YES,NO
p01_reuse025,train,p01_f16_checksum_combine,p01,p01_f16_checksum_combine,p01_f16_checksum_combine,QUERY_REUSED,YES,NO
p01_reuse025,train,p05_f01_adj_init,p05,p05_f01_adj_init,p05_f01_adj_init,DONOR,YES,NO
p01_reuse025,train,p05_f02_adj_add_edge,p05,p05_f02_adj_add_edge,p05_f02_adj_add_edge,DONOR,YES,NO
p01_reuse025,train,p05_f03_adj_has_edge,p05,p05_f03_adj_has_edge,p05_f03_adj_has_edge,DONOR,YES,NO
p01_reuse025,train,p05_f04_adj_in_degree,p05,p05_f04_adj_in_degree,p05_f04_adj_in_degree,DONOR,YES,NO
p01_reuse025,train,p05_f05_adj_out_degree,p05,p05_f05_adj_out_degree,p05_f05_adj_out_degree,DONOR,YES,NO
p01_reuse025,train,p05_f06_graph_bfs,p05,p05_f06_graph_bfs,p05_f06_graph_bfs,DONOR,YES,NO
p01_reuse025,train,p05_f08_graph_has_cycle_directed,p05,p05_f08_graph_has_cycle_directed,p05_f08_graph_has_cycle_directed,DONOR,YES,NO
p01_reuse025,train,p05_f10_graph_bipartite_check,p05,p05_f10_graph_bipartite_check,p05_f10_graph_bipartite_check,DONOR,YES,NO
p01_reuse025,train,p05_f11_graph_transitive_closure,p05,p05_f11_graph_transitive_closure,p05_f11_graph_transitive_closure,DONOR,YES,NO
p01_reuse025,train,p05_f12_graph_density,p05,p05_f12_graph_density,p05_f12_graph_density,DONOR,YES,NO
p01_reuse025,train,p05_f13_graph_isolate_count,p05,p05_f13_graph_isolate_count,p05_f13_graph_isolate_count,DONOR,YES,NO
p01_reuse025,train,p05_f14_graph_eulerian_path_check,p05,p05_f14_graph_eulerian_path_check,p05_f14_graph_eulerian_path_check,DONOR,YES,NO
p01_reuse050,train,p01_f01_crc8_smbus,p01,p01_f01_crc8_smbus,p01_f01_crc8_smbus,QUERY_REUSED,YES,NO
p01_reuse050,train,p01_f03_crc16_ccitt,p01,p01_f03_crc16_ccitt,p01_f03_crc16_ccitt,QUERY_REUSED,YES,NO
p01_reuse050,train,p01_f04_crc16_modbus,p01,p01_f04_crc16_modbus,p01_f04_crc16_modbus,QUERY_REUSED,YES,NO
p01_reuse050,train,p01_f07_fletcher16,p01,p01_f07_fletcher16,p01_f07_fletcher16,QUERY_REUSED,YES,NO
p01_reuse050,train,p01_f08_fletcher32,p01,p01_f08_fletcher32,p01_f08_fletcher32,QUERY_REUSED,YES,NO
p01_reuse050,train,p01_f11_luhn_validate,p01,p01_f11_luhn_validate,p01_f11_luhn_validate,QUERY_REUSED,YES,NO
p01_reuse050,train,p01_f13_internet_checksum,p01,p01_f13_internet_checksum,p01_f13_internet_checksum,QUERY_REUSED,YES,NO
p01_reuse050,train,p01_f15_pearson_hash8,p01,p01_f15_pearson_hash8,p01_f15_pearson_hash8,QUERY_REUSED,YES,NO
p01_reuse050,train,p05_f01_adj_init,p05,p05_f01_adj_init,p05_f01_adj_init,DONOR,YES,NO
p01_reuse050,train,p05_f04_adj_in_degree,p05,p05_f04_adj_in_degree,p05_f04_adj_in_degree,DONOR,YES,NO
p01_reuse050,train,p05_f05_adj_out_degree,p05,p05_f05_adj_out_degree,p05_f05_adj_out_degree,DONOR,YES,NO
p01_reuse050,train,p05_f06_graph_bfs,p05,p05_f06_graph_bfs,p05_f06_graph_bfs,DONOR,YES,NO
p01_reuse050,train,p05_f11_graph_transitive_closure,p05,p05_f11_graph_transitive_closure,p05_f11_graph_transitive_closure,DONOR,YES,NO
p01_reuse050,train,p05_f13_graph_isolate_count,p05,p05_f13_graph_isolate_count,p05_f13_graph_isolate_count,DONOR,YES,NO
p01_reuse050,train,p05_f14_graph_eulerian_path_check,p05,p05_f14_graph_eulerian_path_check,p05_f14_graph_eulerian_path_check,DONOR,YES,NO
p01_reuse050,train,p05_f16_graph_vertex_eccentricity,p05,p05_f16_graph_vertex_eccentricity,p05_f16_graph_vertex_eccentricity,DONOR,YES,NO
p01_reuse075,train,p01_f02_crc8_cdma,p01,p01_f02_crc8_cdma,p01_f02_crc8_cdma,QUERY_REUSED,YES,NO
p01_reuse075,train,p01_f04_crc16_modbus,p01,p01_f04_crc16_modbus,p01_f04_crc16_modbus,QUERY_REUSED,YES,NO
p01_reuse075,train,p01_f05_crc32_ieee,p01,p01_f05_crc32_ieee,p01_f05_crc32_ieee,QUERY_REUSED,YES,NO
p01_reuse075,train,p01_f06_crc32_table_driven,p01,p01_f06_crc32_table_driven,p01_f06_crc32_table_driven,QUERY_REUSED,YES,NO
p01_reuse075,train,p01_f07_fletcher16,p01,p01_f07_fletcher16,p01_f07_fletcher16,QUERY_REUSED,YES,NO
p01_reuse075,train,p01_f09_bsd_checksum,p01,p01_f09_bsd_checksum,p01_f09_bsd_checksum,QUERY_REUSED,YES,NO
p01_reuse075,train,p01_f11_luhn_validate,p01,p01_f11_luhn_validate,p01_f11_luhn_validate,QUERY_REUSED,YES,NO
p01_reuse075,train,p01_f12_xor8_block,p01,p01_f12_xor8_block,p01_f12_xor8_block,QUERY_REUSED,YES,NO
p01_reuse075,train,p01_f13_internet_checksum,p01,p01_f13_internet_checksum,p01_f13_internet_checksum,QUERY_REUSED,YES,NO
p01_reuse075,train,p01_f14_adler16_simple,p01,p01_f14_adler16_simple,p01_f14_adler16_simple,QUERY_REUSED,YES,NO
p01_reuse075,train,p01_f15_pearson_hash8,p01,p01_f15_pearson_hash8,p01_f15_pearson_hash8,QUERY_REUSED,YES,NO
p01_reuse075,train,p01_f16_checksum_combine,p01,p01_f16_checksum_combine,p01_f16_checksum_combine,QUERY_REUSED,YES,NO
p01_reuse075,train,p05_f01_adj_init,p05,p05_f01_adj_init,p05_f01_adj_init,DONOR,YES,NO
p01_reuse075,train,p05_f02_adj_add_edge,p05,p05_f02_adj_add_edge,p05_f02_adj_add_edge,DONOR,YES,NO
p01_reuse075,train,p05_f12_graph_density,p05,p05_f12_graph_density,p05_f12_graph_density,DONOR,YES,NO
p01_reuse075,train,p05_f16_graph_vertex_eccentricity,p05,p05_f16_graph_vertex_eccentricity,p05_f16_graph_vertex_eccentricity,DONOR,YES,NO
p01_reuse100,train,p01_f01_crc8_smbus,p01,p01_f01_crc8_smbus,p01_f01_crc8_smbus,QUERY_REUSED,YES,NO
p01_reuse100,train,p01_f02_crc8_cdma,p01,p01_f02_crc8_cdma,p01_f02_crc8_cdma,QUERY_REUSED,YES,NO
p01_reuse100,train,p01_f03_crc16_ccitt,p01,p01_f03_crc16_ccitt,p01_f03_crc16_ccitt,QUERY_REUSED,YES,NO
p01_reuse100,train,p01_f04_crc16_modbus,p01,p01_f04_crc16_modbus,p01_f04_crc16_modbus,QUERY_REUSED,YES,NO
p01_reuse100,train,p01_f05_crc32_ieee,p01,p01_f05_crc32_ieee,p01_f05_crc32_ieee,QUERY_REUSED,YES,NO
p01_reuse100,train,p01_f06_crc32_table_driven,p01,p01_f06_crc32_table_driven,p01_f06_crc32_table_driven,QUERY_REUSED,YES,NO
p01_reuse100,train,p01_f07_fletcher16,p01,p01_f07_fletcher16,p01_f07_fletcher16,QUERY_REUSED,YES,NO
p01_reuse100,train,p01_f08_fletcher32,p01,p01_f08_fletcher32,p01_f08_fletcher32,QUERY_REUSED,YES,NO
p01_reuse100,train,p01_f09_bsd_checksum,p01,p01_f09_bsd_checksum,p01_f09_bsd_checksum,QUERY_REUSED,YES,NO
p01_reuse100,train,p01_f10_sysv_checksum,p01,p01_f10_sysv_checksum,p01_f10_sysv_checksum,QUERY_REUSED,YES,NO
p01_reuse100,train,p01_f11_luhn_validate,p01,p01_f11_luhn_validate,p01_f11_luhn_validate,QUERY_REUSED,YES,NO
p01_reuse100,train,p01_f12_xor8_block,p01,p01_f12_xor8_block,p01_f12_xor8_block,QUERY_REUSED,YES,NO
p01_reuse100,train,p01_f13_internet_checksum,p01,p01_f13_internet_checksum,p01_f13_internet_checksum,QUERY_REUSED,YES,NO
p01_reuse100,train,p01_f14_adler16_simple,p01,p01_f14_adler16_simple,p01_f14_adler16_simple,QUERY_REUSED,YES,NO
p01_reuse100,train,p01_f15_pearson_hash8,p01,p01_f15_pearson_hash8,p01_f15_pearson_hash8,QUERY_REUSED,YES,NO
p01_reuse100,train,p01_f16_checksum_combine,p01,p01_f16_checksum_combine,p01_f16_checksum_combine,QUERY_REUSED,YES,NO
p02_reuse000,train,p06_f01_tlv_encode_uint8,p06,p06_f01_tlv_encode_uint8,p06_f01_tlv_encode_uint8,DONOR,YES,NO
p02_reuse000,train,p06_f02_tlv_encode_uint16,p06,p06_f02_tlv_encode_uint16,p06_f02_tlv_encode_uint16,DONOR,YES,NO
p02_reuse000,train,p06_f03_tlv_encode_uint32,p06,p06_f03_tlv_encode_uint32,p06_f03_tlv_encode_uint32,DONOR,YES,NO
p02_reuse000,train,p06_f04_tlv_encode_bytes,p06,p06_f04_tlv_encode_bytes,p06_f04_tlv_encode_bytes,DONOR,YES,NO
p02_reuse000,train,p06_f05_tlv_decode_header,p06,p06_f05_tlv_decode_header,p06_f05_tlv_decode_header,DONOR,YES,NO
p02_reuse000,train,p06_f06_tlv_decode_uint8,p06,p06_f06_tlv_decode_uint8,p06_f06_tlv_decode_uint8,DONOR,YES,NO
p02_reuse000,train,p06_f07_tlv_decode_uint16,p06,p06_f07_tlv_decode_uint16,p06_f07_tlv_decode_uint16,DONOR,YES,NO
p02_reuse000,train,p06_f08_tlv_decode_uint32,p06,p06_f08_tlv_decode_uint32,p06_f08_tlv_decode_uint32,DONOR,YES,NO
p02_reuse000,train,p06_f09_tlv_find_tag,p06,p06_f09_tlv_find_tag,p06_f09_tlv_find_tag,DONOR,YES,NO
p02_reuse000,train,p06_f10_tlv_count_tags,p06,p06_f10_tlv_count_tags,p06_f10_tlv_count_tags,DONOR,YES,NO
p02_reuse000,train,p06_f11_tlv_validate_buffer,p06,p06_f11_tlv_validate_buffer,p06_f11_tlv_validate_buffer,DONOR,YES,NO
p02_reuse000,train,p06_f12_packet_header_build,p06,p06_f12_packet_header_build,p06_f12_packet_header_build,DONOR,YES,NO
p02_reuse000,train,p06_f13_packet_header_parse,p06,p06_f13_packet_header_parse,p06_f13_packet_header_parse,DONOR,YES,NO
p02_reuse000,train,p06_f14_packet_payload_pad,p06,p06_f14_packet_payload_pad,p06_f14_packet_payload_pad,DONOR,YES,NO
p02_reuse000,train,p06_f15_packet_payload_unpad,p06,p06_f15_packet_payload_unpad,p06_f15_packet_payload_unpad,DONOR,YES,NO
p02_reuse000,train,p06_f16_packet_serialize,p06,p06_f16_packet_serialize,p06_f16_packet_serialize,DONOR,YES,NO
p02_reuse025,train,p02_f02_heap_sift_up,p02,p02_f02_heap_sift_up,p02_f02_heap_sift_up,QUERY_REUSED,YES,NO
p02_reuse025,train,p02_f03_heap_sift_down,p02,p02_f03_heap_sift_down,p02_f03_heap_sift_down,QUERY_REUSED,YES,NO
p02_reuse025,train,p02_f11_heap_increase_key,p02,p02_f11_heap_increase_key,p02_f11_heap_increase_key,QUERY_REUSED,YES,NO
p02_reuse025,train,p02_f14_heap_is_valid,p02,p02_f14_heap_is_valid,p02_f14_heap_is_valid,QUERY_REUSED,YES,NO
p02_reuse025,train,p06_f01_tlv_encode_uint8,p06,p06_f01_tlv_encode_uint8,p06_f01_tlv_encode_uint8,DONOR,YES,NO
p02_reuse025,train,p06_f02_tlv_encode_uint16,p06,p06_f02_tlv_encode_uint16,p06_f02_tlv_encode_uint16,DONOR,YES,NO
p02_reuse025,train,p06_f03_tlv_encode_uint32,p06,p06_f03_tlv_encode_uint32,p06_f03_tlv_encode_uint32,DONOR,YES,NO
p02_reuse025,train,p06_f04_tlv_encode_bytes,p06,p06_f04_tlv_encode_bytes,p06_f04_tlv_encode_bytes,DONOR,YES,NO
p02_reuse025,train,p06_f05_tlv_decode_header,p06,p06_f05_tlv_decode_header,p06_f05_tlv_decode_header,DONOR,YES,NO
p02_reuse025,train,p06_f06_tlv_decode_uint8,p06,p06_f06_tlv_decode_uint8,p06_f06_tlv_decode_uint8,DONOR,YES,NO
p02_reuse025,train,p06_f08_tlv_decode_uint32,p06,p06_f08_tlv_decode_uint32,p06_f08_tlv_decode_uint32,DONOR,YES,NO
p02_reuse025,train,p06_f10_tlv_count_tags,p06,p06_f10_tlv_count_tags,p06_f10_tlv_count_tags,DONOR,YES,NO
p02_reuse025,train,p06_f11_tlv_validate_buffer,p06,p06_f11_tlv_validate_buffer,p06_f11_tlv_validate_buffer,DONOR,YES,NO
p02_reuse025,train,p06_f12_packet_header_build,p06,p06_f12_packet_header_build,p06_f12_packet_header_build,DONOR,YES,NO
p02_reuse025,train,p06_f14_packet_payload_pad,p06,p06_f14_packet_payload_pad,p06_f14_packet_payload_pad,DONOR,YES,NO
p02_reuse025,train,p06_f15_packet_payload_unpad,p06,p06_f15_packet_payload_unpad,p06_f15_packet_payload_unpad,DONOR,YES,NO
p02_reuse050,train,p02_f01_heap_init,p02,p02_f01_heap_init,p02_f01_heap_init,QUERY_REUSED,YES,NO
p02_reuse050,train,p02_f02_heap_sift_up,p02,p02_f02_heap_sift_up,p02_f02_heap_sift_up,QUERY_REUSED,YES,NO
p02_reuse050,train,p02_f03_heap_sift_down,p02,p02_f03_heap_sift_down,p02_f03_heap_sift_down,QUERY_REUSED,YES,NO
p02_reuse050,train,p02_f04_heap_push,p02,p02_f04_heap_push,p02_f04_heap_push,QUERY_REUSED,YES,NO
p02_reuse050,train,p02_f06_heap_peek,p02,p02_f06_heap_peek,p02_f06_heap_peek,QUERY_REUSED,YES,NO
p02_reuse050,train,p02_f10_heap_delete_at,p02,p02_f10_heap_delete_at,p02_f10_heap_delete_at,QUERY_REUSED,YES,NO
p02_reuse050,train,p02_f13_heap_merge,p02,p02_f13_heap_merge,p02_f13_heap_merge,QUERY_REUSED,YES,NO
p02_reuse050,train,p02_f16_heap_clear,p02,p02_f16_heap_clear,p02_f16_heap_clear,QUERY_REUSED,YES,NO
p02_reuse050,train,p06_f02_tlv_encode_uint16,p06,p06_f02_tlv_encode_uint16,p06_f02_tlv_encode_uint16,DONOR,YES,NO
p02_reuse050,train,p06_f04_tlv_encode_bytes,p06,p06_f04_tlv_encode_bytes,p06_f04_tlv_encode_bytes,DONOR,YES,NO
p02_reuse050,train,p06_f07_tlv_decode_uint16,p06,p06_f07_tlv_decode_uint16,p06_f07_tlv_decode_uint16,DONOR,YES,NO
p02_reuse050,train,p06_f08_tlv_decode_uint32,p06,p06_f08_tlv_decode_uint32,p06_f08_tlv_decode_uint32,DONOR,YES,NO
p02_reuse050,train,p06_f09_tlv_find_tag,p06,p06_f09_tlv_find_tag,p06_f09_tlv_find_tag,DONOR,YES,NO
p02_reuse050,train,p06_f10_tlv_count_tags,p06,p06_f10_tlv_count_tags,p06_f10_tlv_count_tags,DONOR,YES,NO
p02_reuse050,train,p06_f14_packet_payload_pad,p06,p06_f14_packet_payload_pad,p06_f14_packet_payload_pad,DONOR,YES,NO
p02_reuse050,train,p06_f15_packet_payload_unpad,p06,p06_f15_packet_payload_unpad,p06_f15_packet_payload_unpad,DONOR,YES,NO
p02_reuse075,train,p02_f01_heap_init,p02,p02_f01_heap_init,p02_f01_heap_init,QUERY_REUSED,YES,NO
p02_reuse075,train,p02_f02_heap_sift_up,p02,p02_f02_heap_sift_up,p02_f02_heap_sift_up,QUERY_REUSED,YES,NO
p02_reuse075,train,p02_f03_heap_sift_down,p02,p02_f03_heap_sift_down,p02_f03_heap_sift_down,QUERY_REUSED,YES,NO
p02_reuse075,train,p02_f04_heap_push,p02,p02_f04_heap_push,p02_f04_heap_push,QUERY_REUSED,YES,NO
p02_reuse075,train,p02_f05_heap_pop_min,p02,p02_f05_heap_pop_min,p02_f05_heap_pop_min,QUERY_REUSED,YES,NO
p02_reuse075,train,p02_f06_heap_peek,p02,p02_f06_heap_peek,p02_f06_heap_peek,QUERY_REUSED,YES,NO
p02_reuse075,train,p02_f07_heapify_array,p02,p02_f07_heapify_array,p02_f07_heapify_array,QUERY_REUSED,YES,NO
p02_reuse075,train,p02_f08_heapsort_asc,p02,p02_f08_heapsort_asc,p02_f08_heapsort_asc,QUERY_REUSED,YES,NO
p02_reuse075,train,p02_f09_heap_replace,p02,p02_f09_heap_replace,p02_f09_heap_replace,QUERY_REUSED,YES,NO
p02_reuse075,train,p02_f12_heap_decrease_key,p02,p02_f12_heap_decrease_key,p02_f12_heap_decrease_key,QUERY_REUSED,YES,NO
p02_reuse075,train,p02_f13_heap_merge,p02,p02_f13_heap_merge,p02_f13_heap_merge,QUERY_REUSED,YES,NO
p02_reuse075,train,p02_f14_heap_is_valid,p02,p02_f14_heap_is_valid,p02_f14_heap_is_valid,QUERY_REUSED,YES,NO
p02_reuse075,train,p06_f08_tlv_decode_uint32,p06,p06_f08_tlv_decode_uint32,p06_f08_tlv_decode_uint32,DONOR,YES,NO
p02_reuse075,train,p06_f10_tlv_count_tags,p06,p06_f10_tlv_count_tags,p06_f10_tlv_count_tags,DONOR,YES,NO
p02_reuse075,train,p06_f12_packet_header_build,p06,p06_f12_packet_header_build,p06_f12_packet_header_build,DONOR,YES,NO
p02_reuse075,train,p06_f16_packet_serialize,p06,p06_f16_packet_serialize,p06_f16_packet_serialize,DONOR,YES,NO
p02_reuse100,train,p02_f01_heap_init,p02,p02_f01_heap_init,p02_f01_heap_init,QUERY_REUSED,YES,NO
p02_reuse100,train,p02_f02_heap_sift_up,p02,p02_f02_heap_sift_up,p02_f02_heap_sift_up,QUERY_REUSED,YES,NO
p02_reuse100,train,p02_f03_heap_sift_down,p02,p02_f03_heap_sift_down,p02_f03_heap_sift_down,QUERY_REUSED,YES,NO
p02_reuse100,train,p02_f04_heap_push,p02,p02_f04_heap_push,p02_f04_heap_push,QUERY_REUSED,YES,NO
p02_reuse100,train,p02_f05_heap_pop_min,p02,p02_f05_heap_pop_min,p02_f05_heap_pop_min,QUERY_REUSED,YES,NO
p02_reuse100,train,p02_f06_heap_peek,p02,p02_f06_heap_peek,p02_f06_heap_peek,QUERY_REUSED,YES,NO
p02_reuse100,train,p02_f07_heapify_array,p02,p02_f07_heapify_array,p02_f07_heapify_array,QUERY_REUSED,YES,NO
p02_reuse100,train,p02_f08_heapsort_asc,p02,p02_f08_heapsort_asc,p02_f08_heapsort_asc,QUERY_REUSED,YES,NO
p02_reuse100,train,p02_f09_heap_replace,p02,p02_f09_heap_replace,p02_f09_heap_replace,QUERY_REUSED,YES,NO
p02_reuse100,train,p02_f10_heap_delete_at,p02,p02_f10_heap_delete_at,p02_f10_heap_delete_at,QUERY_REUSED,YES,NO
p02_reuse100,train,p02_f11_heap_increase_key,p02,p02_f11_heap_increase_key,p02_f11_heap_increase_key,QUERY_REUSED,YES,NO
p02_reuse100,train,p02_f12_heap_decrease_key,p02,p02_f12_heap_decrease_key,p02_f12_heap_decrease_key,QUERY_REUSED,YES,NO
p02_reuse100,train,p02_f13_heap_merge,p02,p02_f13_heap_merge,p02_f13_heap_merge,QUERY_REUSED,YES,NO
p02_reuse100,train,p02_f14_heap_is_valid,p02,p02_f14_heap_is_valid,p02_f14_heap_is_valid,QUERY_REUSED,YES,NO
p02_reuse100,train,p02_f15_heap_kth_smallest,p02,p02_f15_heap_kth_smallest,p02_f15_heap_kth_smallest,QUERY_REUSED,YES,NO
p02_reuse100,train,p02_f16_heap_clear,p02,p02_f16_heap_clear,p02_f16_heap_clear,QUERY_REUSED,YES,NO
p03_reuse000,train,p07_f01_slab_init,p07,p07_f01_slab_init,p07_f01_slab_init,DONOR,YES,NO
p03_reuse000,train,p07_f02_slab_alloc_block,p07,p07_f02_slab_alloc_block,p07_f02_slab_alloc_block,DONOR,YES,NO
p03_reuse000,train,p07_f03_slab_free_block,p07,p07_f03_slab_free_block,p07_f03_slab_free_block,DONOR,YES,NO
p03_reuse000,train,p07_f04_slab_available_count,p07,p07_f04_slab_available_count,p07_f04_slab_available_count,DONOR,YES,NO
p03_reuse000,train,p07_f05_slab_is_pointer_valid,p07,p07_f05_slab_is_pointer_valid,p07_f05_slab_is_pointer_valid,DONOR,YES,NO
p03_reuse000,train,p07_f06_slab_mark_busy,p07,p07_f06_slab_mark_busy,p07_f06_slab_mark_busy,DONOR,YES,NO
p03_reuse000,train,p07_f07_slab_mark_free,p07,p07_f07_slab_mark_free,p07_f07_slab_mark_free,DONOR,YES,NO
p03_reuse000,train,p07_f08_slab_find_first_free_bit,p07,p07_f08_slab_find_first_free_bit,p07_f08_slab_find_first_free_bit,DONOR,YES,NO
p03_reuse000,train,p07_f09_slab_defragment_check,p07,p07_f09_slab_defragment_check,p07_f09_slab_defragment_check,DONOR,YES,NO
p03_reuse000,train,p07_f10_slab_reset,p07,p07_f10_slab_reset,p07_f10_slab_reset,DONOR,YES,NO
p03_reuse000,train,p07_f11_slab_block_index,p07,p07_f11_slab_block_index,p07_f11_slab_block_index,DONOR,YES,NO
p03_reuse000,train,p07_f12_slab_index_to_pointer,p07,p07_f12_slab_index_to_pointer,p07_f12_slab_index_to_pointer,DONOR,YES,NO
p03_reuse000,train,p07_f13_slab_stats_utilization,p07,p07_f13_slab_stats_utilization,p07_f13_slab_stats_utilization,DONOR,YES,NO
p03_reuse000,train,p07_f14_slab_audit_integrity,p07,p07_f14_slab_audit_integrity,p07_f14_slab_audit_integrity,DONOR,YES,NO
p03_reuse000,train,p07_f15_slab_scrub_pattern,p07,p07_f15_slab_scrub_pattern,p07_f15_slab_scrub_pattern,DONOR,YES,NO
p03_reuse000,train,p07_f16_slab_compact_scan,p07,p07_f16_slab_compact_scan,p07_f16_slab_compact_scan,DONOR,YES,NO
p03_reuse025,train,p03_f01_str_trim,p03,p03_f01_str_trim,p03_f01_str_trim,QUERY_REUSED,YES,NO
p03_reuse025,train,p03_f05_str_ends_with,p03,p03_f05_str_ends_with,p03_f05_str_ends_with,QUERY_REUSED,YES,NO
p03_reuse025,train,p03_f08_str_to_lower_ascii,p03,p03_f08_str_to_lower_ascii,p03_f08_str_to_lower_ascii,QUERY_REUSED,YES,NO
p03_reuse025,train,p03_f13_str_unescape_c,p03,p03_f13_str_unescape_c,p03_f13_str_unescape_c,QUERY_REUSED,YES,NO
p03_reuse025,train,p07_f01_slab_init,p07,p07_f01_slab_init,p07_f01_slab_init,DONOR,YES,NO
p03_reuse025,train,p07_f04_slab_available_count,p07,p07_f04_slab_available_count,p07_f04_slab_available_count,DONOR,YES,NO
p03_reuse025,train,p07_f06_slab_mark_busy,p07,p07_f06_slab_mark_busy,p07_f06_slab_mark_busy,DONOR,YES,NO
p03_reuse025,train,p07_f07_slab_mark_free,p07,p07_f07_slab_mark_free,p07_f07_slab_mark_free,DONOR,YES,NO
p03_reuse025,train,p07_f08_slab_find_first_free_bit,p07,p07_f08_slab_find_first_free_bit,p07_f08_slab_find_first_free_bit,DONOR,YES,NO
p03_reuse025,train,p07_f09_slab_defragment_check,p07,p07_f09_slab_defragment_check,p07_f09_slab_defragment_check,DONOR,YES,NO
p03_reuse025,train,p07_f11_slab_block_index,p07,p07_f11_slab_block_index,p07_f11_slab_block_index,DONOR,YES,NO
p03_reuse025,train,p07_f12_slab_index_to_pointer,p07,p07_f12_slab_index_to_pointer,p07_f12_slab_index_to_pointer,DONOR,YES,NO
p03_reuse025,train,p07_f13_slab_stats_utilization,p07,p07_f13_slab_stats_utilization,p07_f13_slab_stats_utilization,DONOR,YES,NO
p03_reuse025,train,p07_f14_slab_audit_integrity,p07,p07_f14_slab_audit_integrity,p07_f14_slab_audit_integrity,DONOR,YES,NO
p03_reuse025,train,p07_f15_slab_scrub_pattern,p07,p07_f15_slab_scrub_pattern,p07_f15_slab_scrub_pattern,DONOR,YES,NO
p03_reuse025,train,p07_f16_slab_compact_scan,p07,p07_f16_slab_compact_scan,p07_f16_slab_compact_scan,DONOR,YES,NO
p03_reuse050,train,p03_f01_str_trim,p03,p03_f01_str_trim,p03_f01_str_trim,QUERY_REUSED,YES,NO
p03_reuse050,train,p03_f02_str_split_delim,p03,p03_f02_str_split_delim,p03_f02_str_split_delim,QUERY_REUSED,YES,NO
p03_reuse050,train,p03_f03_str_join,p03,p03_f03_str_join,p03_f03_str_join,QUERY_REUSED,YES,NO
p03_reuse050,train,p03_f09_str_to_upper_ascii,p03,p03_f09_str_to_upper_ascii,p03_f09_str_to_upper_ascii,QUERY_REUSED,YES,NO
p03_reuse050,train,p03_f10_str_reverse,p03,p03_f10_str_reverse,p03_f10_str_reverse,QUERY_REUSED,YES,NO
p03_reuse050,train,p03_f11_str_levenshtein,p03,p03_f11_str_levenshtein,p03_f11_str_levenshtein,QUERY_REUSED,YES,NO
p03_reuse050,train,p03_f14_str_parse_int,p03,p03_f14_str_parse_int,p03_f14_str_parse_int,QUERY_REUSED,YES,NO
p03_reuse050,train,p03_f15_str_format_hex,p03,p03_f15_str_format_hex,p03_f15_str_format_hex,QUERY_REUSED,YES,NO
p03_reuse050,train,p07_f07_slab_mark_free,p07,p07_f07_slab_mark_free,p07_f07_slab_mark_free,DONOR,YES,NO
p03_reuse050,train,p07_f08_slab_find_first_free_bit,p07,p07_f08_slab_find_first_free_bit,p07_f08_slab_find_first_free_bit,DONOR,YES,NO
p03_reuse050,train,p07_f09_slab_defragment_check,p07,p07_f09_slab_defragment_check,p07_f09_slab_defragment_check,DONOR,YES,NO
p03_reuse050,train,p07_f11_slab_block_index,p07,p07_f11_slab_block_index,p07_f11_slab_block_index,DONOR,YES,NO
p03_reuse050,train,p07_f12_slab_index_to_pointer,p07,p07_f12_slab_index_to_pointer,p07_f12_slab_index_to_pointer,DONOR,YES,NO
p03_reuse050,train,p07_f13_slab_stats_utilization,p07,p07_f13_slab_stats_utilization,p07_f13_slab_stats_utilization,DONOR,YES,NO
p03_reuse050,train,p07_f14_slab_audit_integrity,p07,p07_f14_slab_audit_integrity,p07_f14_slab_audit_integrity,DONOR,YES,NO
p03_reuse050,train,p07_f15_slab_scrub_pattern,p07,p07_f15_slab_scrub_pattern,p07_f15_slab_scrub_pattern,DONOR,YES,NO
p03_reuse075,train,p03_f01_str_trim,p03,p03_f01_str_trim,p03_f01_str_trim,QUERY_REUSED,YES,NO
p03_reuse075,train,p03_f02_str_split_delim,p03,p03_f02_str_split_delim,p03_f02_str_split_delim,QUERY_REUSED,YES,NO
p03_reuse075,train,p03_f03_str_join,p03,p03_f03_str_join,p03_f03_str_join,QUERY_REUSED,YES,NO
p03_reuse075,train,p03_f04_str_starts_with,p03,p03_f04_str_starts_with,p03_f04_str_starts_with,QUERY_REUSED,YES,NO
p03_reuse075,train,p03_f05_str_ends_with,p03,p03_f05_str_ends_with,p03_f05_str_ends_with,QUERY_REUSED,YES,NO
p03_reuse075,train,p03_f06_str_replace_char,p03,p03_f06_str_replace_char,p03_f06_str_replace_char,QUERY_REUSED,YES,NO
p03_reuse075,train,p03_f07_str_count_substr,p03,p03_f07_str_count_substr,p03_f07_str_count_substr,QUERY_REUSED,YES,NO
p03_reuse075,train,p03_f08_str_to_lower_ascii,p03,p03_f08_str_to_lower_ascii,p03_f08_str_to_lower_ascii,QUERY_REUSED,YES,NO
p03_reuse075,train,p03_f09_str_to_upper_ascii,p03,p03_f09_str_to_upper_ascii,p03_f09_str_to_upper_ascii,QUERY_REUSED,YES,NO
p03_reuse075,train,p03_f10_str_reverse,p03,p03_f10_str_reverse,p03_f10_str_reverse,QUERY_REUSED,YES,NO
p03_reuse075,train,p03_f15_str_format_hex,p03,p03_f15_str_format_hex,p03_f15_str_format_hex,QUERY_REUSED,YES,NO
p03_reuse075,train,p03_f16_str_parse_hex,p03,p03_f16_str_parse_hex,p03_f16_str_parse_hex,QUERY_REUSED,YES,NO
p03_reuse075,train,p07_f06_slab_mark_busy,p07,p07_f06_slab_mark_busy,p07_f06_slab_mark_busy,DONOR,YES,NO
p03_reuse075,train,p07_f08_slab_find_first_free_bit,p07,p07_f08_slab_find_first_free_bit,p07_f08_slab_find_first_free_bit,DONOR,YES,NO
p03_reuse075,train,p07_f09_slab_defragment_check,p07,p07_f09_slab_defragment_check,p07_f09_slab_defragment_check,DONOR,YES,NO
p03_reuse075,train,p07_f12_slab_index_to_pointer,p07,p07_f12_slab_index_to_pointer,p07_f12_slab_index_to_pointer,DONOR,YES,NO
p03_reuse100,train,p03_f01_str_trim,p03,p03_f01_str_trim,p03_f01_str_trim,QUERY_REUSED,YES,NO
p03_reuse100,train,p03_f02_str_split_delim,p03,p03_f02_str_split_delim,p03_f02_str_split_delim,QUERY_REUSED,YES,NO
p03_reuse100,train,p03_f03_str_join,p03,p03_f03_str_join,p03_f03_str_join,QUERY_REUSED,YES,NO
p03_reuse100,train,p03_f04_str_starts_with,p03,p03_f04_str_starts_with,p03_f04_str_starts_with,QUERY_REUSED,YES,NO
p03_reuse100,train,p03_f05_str_ends_with,p03,p03_f05_str_ends_with,p03_f05_str_ends_with,QUERY_REUSED,YES,NO
p03_reuse100,train,p03_f06_str_replace_char,p03,p03_f06_str_replace_char,p03_f06_str_replace_char,QUERY_REUSED,YES,NO
p03_reuse100,train,p03_f07_str_count_substr,p03,p03_f07_str_count_substr,p03_f07_str_count_substr,QUERY_REUSED,YES,NO
p03_reuse100,train,p03_f08_str_to_lower_ascii,p03,p03_f08_str_to_lower_ascii,p03_f08_str_to_lower_ascii,QUERY_REUSED,YES,NO
p03_reuse100,train,p03_f09_str_to_upper_ascii,p03,p03_f09_str_to_upper_ascii,p03_f09_str_to_upper_ascii,QUERY_REUSED,YES,NO
p03_reuse100,train,p03_f10_str_reverse,p03,p03_f10_str_reverse,p03_f10_str_reverse,QUERY_REUSED,YES,NO
p03_reuse100,train,p03_f11_str_levenshtein,p03,p03_f11_str_levenshtein,p03_f11_str_levenshtein,QUERY_REUSED,YES,NO
p03_reuse100,train,p03_f12_str_escape_c,p03,p03_f12_str_escape_c,p03_f12_str_escape_c,QUERY_REUSED,YES,NO
p03_reuse100,train,p03_f13_str_unescape_c,p03,p03_f13_str_unescape_c,p03_f13_str_unescape_c,QUERY_REUSED,YES,NO
p03_reuse100,train,p03_f14_str_parse_int,p03,p03_f14_str_parse_int,p03_f14_str_parse_int,QUERY_REUSED,YES,NO
p03_reuse100,train,p03_f15_str_format_hex,p03,p03_f15_str_format_hex,p03_f15_str_format_hex,QUERY_REUSED,YES,NO
p03_reuse100,train,p03_f16_str_parse_hex,p03,p03_f16_str_parse_hex,p03_f16_str_parse_hex,QUERY_REUSED,YES,NO
p04_reuse000,train,p01_f01_crc8_smbus,p01,p01_f01_crc8_smbus,p01_f01_crc8_smbus,DONOR,YES,NO
p04_reuse000,train,p01_f02_crc8_cdma,p01,p01_f02_crc8_cdma,p01_f02_crc8_cdma,DONOR,YES,NO
p04_reuse000,train,p01_f03_crc16_ccitt,p01,p01_f03_crc16_ccitt,p01_f03_crc16_ccitt,DONOR,YES,NO
p04_reuse000,train,p01_f04_crc16_modbus,p01,p01_f04_crc16_modbus,p01_f04_crc16_modbus,DONOR,YES,NO
p04_reuse000,train,p01_f05_crc32_ieee,p01,p01_f05_crc32_ieee,p01_f05_crc32_ieee,DONOR,YES,NO
p04_reuse000,train,p01_f06_crc32_table_driven,p01,p01_f06_crc32_table_driven,p01_f06_crc32_table_driven,DONOR,YES,NO
p04_reuse000,train,p01_f07_fletcher16,p01,p01_f07_fletcher16,p01_f07_fletcher16,DONOR,YES,NO
p04_reuse000,train,p01_f08_fletcher32,p01,p01_f08_fletcher32,p01_f08_fletcher32,DONOR,YES,NO
p04_reuse000,train,p01_f09_bsd_checksum,p01,p01_f09_bsd_checksum,p01_f09_bsd_checksum,DONOR,YES,NO
p04_reuse000,train,p01_f10_sysv_checksum,p01,p01_f10_sysv_checksum,p01_f10_sysv_checksum,DONOR,YES,NO
p04_reuse000,train,p01_f11_luhn_validate,p01,p01_f11_luhn_validate,p01_f11_luhn_validate,DONOR,YES,NO
p04_reuse000,train,p01_f12_xor8_block,p01,p01_f12_xor8_block,p01_f12_xor8_block,DONOR,YES,NO
p04_reuse000,train,p01_f13_internet_checksum,p01,p01_f13_internet_checksum,p01_f13_internet_checksum,DONOR,YES,NO
p04_reuse000,train,p01_f14_adler16_simple,p01,p01_f14_adler16_simple,p01_f14_adler16_simple,DONOR,YES,NO
p04_reuse000,train,p01_f15_pearson_hash8,p01,p01_f15_pearson_hash8,p01_f15_pearson_hash8,DONOR,YES,NO
p04_reuse000,train,p01_f16_checksum_combine,p01,p01_f16_checksum_combine,p01_f16_checksum_combine,DONOR,YES,NO
p04_reuse025,train,p04_f02_mat_init_identity,p04,p04_f02_mat_init_identity,p04_f02_mat_init_identity,QUERY_REUSED,YES,NO
p04_reuse025,train,p04_f03_mat_add,p04,p04_f03_mat_add,p04_f03_mat_add,QUERY_REUSED,YES,NO
p04_reuse025,train,p04_f07_mat_mul,p04,p04_f07_mat_mul,p04_f07_mat_mul,QUERY_REUSED,YES,NO
p04_reuse025,train,p04_f10_mat_det_2x2,p04,p04_f10_mat_det_2x2,p04_f10_mat_det_2x2,QUERY_REUSED,YES,NO
p04_reuse025,train,p01_f01_crc8_smbus,p01,p01_f01_crc8_smbus,p01_f01_crc8_smbus,DONOR,YES,NO
p04_reuse025,train,p01_f02_crc8_cdma,p01,p01_f02_crc8_cdma,p01_f02_crc8_cdma,DONOR,YES,NO
p04_reuse025,train,p01_f03_crc16_ccitt,p01,p01_f03_crc16_ccitt,p01_f03_crc16_ccitt,DONOR,YES,NO
p04_reuse025,train,p01_f04_crc16_modbus,p01,p01_f04_crc16_modbus,p01_f04_crc16_modbus,DONOR,YES,NO
p04_reuse025,train,p01_f05_crc32_ieee,p01,p01_f05_crc32_ieee,p01_f05_crc32_ieee,DONOR,YES,NO
p04_reuse025,train,p01_f06_crc32_table_driven,p01,p01_f06_crc32_table_driven,p01_f06_crc32_table_driven,DONOR,YES,NO
p04_reuse025,train,p01_f07_fletcher16,p01,p01_f07_fletcher16,p01_f07_fletcher16,DONOR,YES,NO
p04_reuse025,train,p01_f09_bsd_checksum,p01,p01_f09_bsd_checksum,p01_f09_bsd_checksum,DONOR,YES,NO
p04_reuse025,train,p01_f11_luhn_validate,p01,p01_f11_luhn_validate,p01_f11_luhn_validate,DONOR,YES,NO
p04_reuse025,train,p01_f14_adler16_simple,p01,p01_f14_adler16_simple,p01_f14_adler16_simple,DONOR,YES,NO
p04_reuse025,train,p01_f15_pearson_hash8,p01,p01_f15_pearson_hash8,p01_f15_pearson_hash8,DONOR,YES,NO
p04_reuse025,train,p01_f16_checksum_combine,p01,p01_f16_checksum_combine,p01_f16_checksum_combine,DONOR,YES,NO
p04_reuse050,train,p04_f03_mat_add,p04,p04_f03_mat_add,p04_f03_mat_add,QUERY_REUSED,YES,NO
p04_reuse050,train,p04_f05_mat_scale,p04,p04_f05_mat_scale,p04_f05_mat_scale,QUERY_REUSED,YES,NO
p04_reuse050,train,p04_f06_mat_transpose,p04,p04_f06_mat_transpose,p04_f06_mat_transpose,QUERY_REUSED,YES,NO
p04_reuse050,train,p04_f07_mat_mul,p04,p04_f07_mat_mul,p04_f07_mat_mul,QUERY_REUSED,YES,NO
p04_reuse050,train,p04_f10_mat_det_2x2,p04,p04_f10_mat_det_2x2,p04_f10_mat_det_2x2,QUERY_REUSED,YES,NO
p04_reuse050,train,p04_f11_mat_det_3x3,p04,p04_f11_mat_det_3x3,p04_f11_mat_det_3x3,QUERY_REUSED,YES,NO
p04_reuse050,train,p04_f15_mat_solve_upper_tri,p04,p04_f15_mat_solve_upper_tri,p04_f15_mat_solve_upper_tri,QUERY_REUSED,YES,NO
p04_reuse050,train,p04_f16_mat_hadamard_product,p04,p04_f16_mat_hadamard_product,p04_f16_mat_hadamard_product,QUERY_REUSED,YES,NO
p04_reuse050,train,p01_f02_crc8_cdma,p01,p01_f02_crc8_cdma,p01_f02_crc8_cdma,DONOR,YES,NO
p04_reuse050,train,p01_f05_crc32_ieee,p01,p01_f05_crc32_ieee,p01_f05_crc32_ieee,DONOR,YES,NO
p04_reuse050,train,p01_f07_fletcher16,p01,p01_f07_fletcher16,p01_f07_fletcher16,DONOR,YES,NO
p04_reuse050,train,p01_f08_fletcher32,p01,p01_f08_fletcher32,p01_f08_fletcher32,DONOR,YES,NO
p04_reuse050,train,p01_f09_bsd_checksum,p01,p01_f09_bsd_checksum,p01_f09_bsd_checksum,DONOR,YES,NO
p04_reuse050,train,p01_f10_sysv_checksum,p01,p01_f10_sysv_checksum,p01_f10_sysv_checksum,DONOR,YES,NO
p04_reuse050,train,p01_f13_internet_checksum,p01,p01_f13_internet_checksum,p01_f13_internet_checksum,DONOR,YES,NO
p04_reuse050,train,p01_f14_adler16_simple,p01,p01_f14_adler16_simple,p01_f14_adler16_simple,DONOR,YES,NO
p04_reuse075,train,p04_f01_mat_init_zero,p04,p04_f01_mat_init_zero,p04_f01_mat_init_zero,QUERY_REUSED,YES,NO
p04_reuse075,train,p04_f02_mat_init_identity,p04,p04_f02_mat_init_identity,p04_f02_mat_init_identity,QUERY_REUSED,YES,NO
p04_reuse075,train,p04_f04_mat_sub,p04,p04_f04_mat_sub,p04_f04_mat_sub,QUERY_REUSED,YES,NO
p04_reuse075,train,p04_f05_mat_scale,p04,p04_f05_mat_scale,p04_f05_mat_scale,QUERY_REUSED,YES,NO
p04_reuse075,train,p04_f06_mat_transpose,p04,p04_f06_mat_transpose,p04_f06_mat_transpose,QUERY_REUSED,YES,NO
p04_reuse075,train,p04_f07_mat_mul,p04,p04_f07_mat_mul,p04_f07_mat_mul,QUERY_REUSED,YES,NO
p04_reuse075,train,p04_f08_mat_vec_mul,p04,p04_f08_mat_vec_mul,p04_f08_mat_vec_mul,QUERY_REUSED,YES,NO
p04_reuse075,train,p04_f09_mat_trace,p04,p04_f09_mat_trace,p04_f09_mat_trace,QUERY_REUSED,YES,NO
p04_reuse075,train,p04_f10_mat_det_2x2,p04,p04_f10_mat_det_2x2,p04_f10_mat_det_2x2,QUERY_REUSED,YES,NO
p04_reuse075,train,p04_f11_mat_det_3x3,p04,p04_f11_mat_det_3x3,p04_f11_mat_det_3x3,QUERY_REUSED,YES,NO
p04_reuse075,train,p04_f15_mat_solve_upper_tri,p04,p04_f15_mat_solve_upper_tri,p04_f15_mat_solve_upper_tri,QUERY_REUSED,YES,NO
p04_reuse075,train,p04_f16_mat_hadamard_product,p04,p04_f16_mat_hadamard_product,p04_f16_mat_hadamard_product,QUERY_REUSED,YES,NO
p04_reuse075,train,p01_f06_crc32_table_driven,p01,p01_f06_crc32_table_driven,p01_f06_crc32_table_driven,DONOR,YES,NO
p04_reuse075,train,p01_f07_fletcher16,p01,p01_f07_fletcher16,p01_f07_fletcher16,DONOR,YES,NO
p04_reuse075,train,p01_f10_sysv_checksum,p01,p01_f10_sysv_checksum,p01_f10_sysv_checksum,DONOR,YES,NO
p04_reuse075,train,p01_f13_internet_checksum,p01,p01_f13_internet_checksum,p01_f13_internet_checksum,DONOR,YES,NO
p04_reuse100,train,p04_f01_mat_init_zero,p04,p04_f01_mat_init_zero,p04_f01_mat_init_zero,QUERY_REUSED,YES,NO
p04_reuse100,train,p04_f02_mat_init_identity,p04,p04_f02_mat_init_identity,p04_f02_mat_init_identity,QUERY_REUSED,YES,NO
p04_reuse100,train,p04_f03_mat_add,p04,p04_f03_mat_add,p04_f03_mat_add,QUERY_REUSED,YES,NO
p04_reuse100,train,p04_f04_mat_sub,p04,p04_f04_mat_sub,p04_f04_mat_sub,QUERY_REUSED,YES,NO
p04_reuse100,train,p04_f05_mat_scale,p04,p04_f05_mat_scale,p04_f05_mat_scale,QUERY_REUSED,YES,NO
p04_reuse100,train,p04_f06_mat_transpose,p04,p04_f06_mat_transpose,p04_f06_mat_transpose,QUERY_REUSED,YES,NO
p04_reuse100,train,p04_f07_mat_mul,p04,p04_f07_mat_mul,p04_f07_mat_mul,QUERY_REUSED,YES,NO
p04_reuse100,train,p04_f08_mat_vec_mul,p04,p04_f08_mat_vec_mul,p04_f08_mat_vec_mul,QUERY_REUSED,YES,NO
p04_reuse100,train,p04_f09_mat_trace,p04,p04_f09_mat_trace,p04_f09_mat_trace,QUERY_REUSED,YES,NO
p04_reuse100,train,p04_f10_mat_det_2x2,p04,p04_f10_mat_det_2x2,p04_f10_mat_det_2x2,QUERY_REUSED,YES,NO
p04_reuse100,train,p04_f11_mat_det_3x3,p04,p04_f11_mat_det_3x3,p04_f11_mat_det_3x3,QUERY_REUSED,YES,NO
p04_reuse100,train,p04_f12_mat_frobenius_norm,p04,p04_f12_mat_frobenius_norm,p04_f12_mat_frobenius_norm,QUERY_REUSED,YES,NO
p04_reuse100,train,p04_f13_mat_is_symmetric,p04,p04_f13_mat_is_symmetric,p04_f13_mat_is_symmetric,QUERY_REUSED,YES,NO
p04_reuse100,train,p04_f14_mat_lu_decompose_3x3,p04,p04_f14_mat_lu_decompose_3x3,p04_f14_mat_lu_decompose_3x3,QUERY_REUSED,YES,NO
p04_reuse100,train,p04_f15_mat_solve_upper_tri,p04,p04_f15_mat_solve_upper_tri,p04_f15_mat_solve_upper_tri,QUERY_REUSED,YES,NO
p04_reuse100,train,p04_f16_mat_hadamard_product,p04,p04_f16_mat_hadamard_product,p04_f16_mat_hadamard_product,QUERY_REUSED,YES,NO
p05_reuse000,train,p02_f01_heap_init,p02,p02_f01_heap_init,p02_f01_heap_init,DONOR,YES,NO
p05_reuse000,train,p02_f02_heap_sift_up,p02,p02_f02_heap_sift_up,p02_f02_heap_sift_up,DONOR,YES,NO
p05_reuse000,train,p02_f03_heap_sift_down,p02,p02_f03_heap_sift_down,p02_f03_heap_sift_down,DONOR,YES,NO
p05_reuse000,train,p02_f04_heap_push,p02,p02_f04_heap_push,p02_f04_heap_push,DONOR,YES,NO
p05_reuse000,train,p02_f05_heap_pop_min,p02,p02_f05_heap_pop_min,p02_f05_heap_pop_min,DONOR,YES,NO
p05_reuse000,train,p02_f06_heap_peek,p02,p02_f06_heap_peek,p02_f06_heap_peek,DONOR,YES,NO
p05_reuse000,train,p02_f07_heapify_array,p02,p02_f07_heapify_array,p02_f07_heapify_array,DONOR,YES,NO
p05_reuse000,train,p02_f08_heapsort_asc,p02,p02_f08_heapsort_asc,p02_f08_heapsort_asc,DONOR,YES,NO
p05_reuse000,train,p02_f09_heap_replace,p02,p02_f09_heap_replace,p02_f09_heap_replace,DONOR,YES,NO
p05_reuse000,train,p02_f10_heap_delete_at,p02,p02_f10_heap_delete_at,p02_f10_heap_delete_at,DONOR,YES,NO
p05_reuse000,train,p02_f11_heap_increase_key,p02,p02_f11_heap_increase_key,p02_f11_heap_increase_key,DONOR,YES,NO
p05_reuse000,train,p02_f12_heap_decrease_key,p02,p02_f12_heap_decrease_key,p02_f12_heap_decrease_key,DONOR,YES,NO
p05_reuse000,train,p02_f13_heap_merge,p02,p02_f13_heap_merge,p02_f13_heap_merge,DONOR,YES,NO
p05_reuse000,train,p02_f14_heap_is_valid,p02,p02_f14_heap_is_valid,p02_f14_heap_is_valid,DONOR,YES,NO
p05_reuse000,train,p02_f15_heap_kth_smallest,p02,p02_f15_heap_kth_smallest,p02_f15_heap_kth_smallest,DONOR,YES,NO
p05_reuse000,train,p02_f16_heap_clear,p02,p02_f16_heap_clear,p02_f16_heap_clear,DONOR,YES,NO
p05_reuse025,train,p05_f05_adj_out_degree,p05,p05_f05_adj_out_degree,p05_f05_adj_out_degree,QUERY_REUSED,YES,NO
p05_reuse025,train,p05_f08_graph_has_cycle_directed,p05,p05_f08_graph_has_cycle_directed,p05_f08_graph_has_cycle_directed,QUERY_REUSED,YES,NO
p05_reuse025,train,p05_f11_graph_transitive_closure,p05,p05_f11_graph_transitive_closure,p05_f11_graph_transitive_closure,QUERY_REUSED,YES,NO
p05_reuse025,train,p05_f12_graph_density,p05,p05_f12_graph_density,p05_f12_graph_density,QUERY_REUSED,YES,NO
p05_reuse025,train,p02_f01_heap_init,p02,p02_f01_heap_init,p02_f01_heap_init,DONOR,YES,NO
p05_reuse025,train,p02_f02_heap_sift_up,p02,p02_f02_heap_sift_up,p02_f02_heap_sift_up,DONOR,YES,NO
p05_reuse025,train,p02_f03_heap_sift_down,p02,p02_f03_heap_sift_down,p02_f03_heap_sift_down,DONOR,YES,NO
p05_reuse025,train,p02_f05_heap_pop_min,p02,p02_f05_heap_pop_min,p02_f05_heap_pop_min,DONOR,YES,NO
p05_reuse025,train,p02_f06_heap_peek,p02,p02_f06_heap_peek,p02_f06_heap_peek,DONOR,YES,NO
p05_reuse025,train,p02_f07_heapify_array,p02,p02_f07_heapify_array,p02_f07_heapify_array,DONOR,YES,NO
p05_reuse025,train,p02_f08_heapsort_asc,p02,p02_f08_heapsort_asc,p02_f08_heapsort_asc,DONOR,YES,NO
p05_reuse025,train,p02_f09_heap_replace,p02,p02_f09_heap_replace,p02_f09_heap_replace,DONOR,YES,NO
p05_reuse025,train,p02_f12_heap_decrease_key,p02,p02_f12_heap_decrease_key,p02_f12_heap_decrease_key,DONOR,YES,NO
p05_reuse025,train,p02_f13_heap_merge,p02,p02_f13_heap_merge,p02_f13_heap_merge,DONOR,YES,NO
p05_reuse025,train,p02_f14_heap_is_valid,p02,p02_f14_heap_is_valid,p02_f14_heap_is_valid,DONOR,YES,NO
p05_reuse025,train,p02_f15_heap_kth_smallest,p02,p02_f15_heap_kth_smallest,p02_f15_heap_kth_smallest,DONOR,YES,NO
p05_reuse050,train,p05_f01_adj_init,p05,p05_f01_adj_init,p05_f01_adj_init,QUERY_REUSED,YES,NO
p05_reuse050,train,p05_f02_adj_add_edge,p05,p05_f02_adj_add_edge,p05_f02_adj_add_edge,QUERY_REUSED,YES,NO
p05_reuse050,train,p05_f03_adj_has_edge,p05,p05_f03_adj_has_edge,p05_f03_adj_has_edge,QUERY_REUSED,YES,NO
p05_reuse050,train,p05_f04_adj_in_degree,p05,p05_f04_adj_in_degree,p05_f04_adj_in_degree,QUERY_REUSED,YES,NO
p05_reuse050,train,p05_f06_graph_bfs,p05,p05_f06_graph_bfs,p05_f06_graph_bfs,QUERY_REUSED,YES,NO
p05_reuse050,train,p05_f07_graph_dfs_iterative,p05,p05_f07_graph_dfs_iterative,p05_f07_graph_dfs_iterative,QUERY_REUSED,YES,NO
p05_reuse050,train,p05_f10_graph_bipartite_check,p05,p05_f10_graph_bipartite_check,p05_f10_graph_bipartite_check,QUERY_REUSED,YES,NO
p05_reuse050,train,p05_f15_graph_subgraph_induced,p05,p05_f15_graph_subgraph_induced,p05_f15_graph_subgraph_induced,QUERY_REUSED,YES,NO
p05_reuse050,train,p02_f01_heap_init,p02,p02_f01_heap_init,p02_f01_heap_init,DONOR,YES,NO
p05_reuse050,train,p02_f02_heap_sift_up,p02,p02_f02_heap_sift_up,p02_f02_heap_sift_up,DONOR,YES,NO
p05_reuse050,train,p02_f03_heap_sift_down,p02,p02_f03_heap_sift_down,p02_f03_heap_sift_down,DONOR,YES,NO
p05_reuse050,train,p02_f07_heapify_array,p02,p02_f07_heapify_array,p02_f07_heapify_array,DONOR,YES,NO
p05_reuse050,train,p02_f10_heap_delete_at,p02,p02_f10_heap_delete_at,p02_f10_heap_delete_at,DONOR,YES,NO
p05_reuse050,train,p02_f13_heap_merge,p02,p02_f13_heap_merge,p02_f13_heap_merge,DONOR,YES,NO
p05_reuse050,train,p02_f14_heap_is_valid,p02,p02_f14_heap_is_valid,p02_f14_heap_is_valid,DONOR,YES,NO
p05_reuse050,train,p02_f16_heap_clear,p02,p02_f16_heap_clear,p02_f16_heap_clear,DONOR,YES,NO
p05_reuse075,train,p05_f01_adj_init,p05,p05_f01_adj_init,p05_f01_adj_init,QUERY_REUSED,YES,NO
p05_reuse075,train,p05_f02_adj_add_edge,p05,p05_f02_adj_add_edge,p05_f02_adj_add_edge,QUERY_REUSED,YES,NO
p05_reuse075,train,p05_f03_adj_has_edge,p05,p05_f03_adj_has_edge,p05_f03_adj_has_edge,QUERY_REUSED,YES,NO
p05_reuse075,train,p05_f04_adj_in_degree,p05,p05_f04_adj_in_degree,p05_f04_adj_in_degree,QUERY_REUSED,YES,NO
p05_reuse075,train,p05_f05_adj_out_degree,p05,p05_f05_adj_out_degree,p05_f05_adj_out_degree,QUERY_REUSED,YES,NO
p05_reuse075,train,p05_f06_graph_bfs,p05,p05_f06_graph_bfs,p05_f06_graph_bfs,QUERY_REUSED,YES,NO
p05_reuse075,train,p05_f07_graph_dfs_iterative,p05,p05_f07_graph_dfs_iterative,p05_f07_graph_dfs_iterative,QUERY_REUSED,YES,NO
p05_reuse075,train,p05_f10_graph_bipartite_check,p05,p05_f10_graph_bipartite_check,p05_f10_graph_bipartite_check,QUERY_REUSED,YES,NO
p05_reuse075,train,p05_f12_graph_density,p05,p05_f12_graph_density,p05_f12_graph_density,QUERY_REUSED,YES,NO
p05_reuse075,train,p05_f13_graph_isolate_count,p05,p05_f13_graph_isolate_count,p05_f13_graph_isolate_count,QUERY_REUSED,YES,NO
p05_reuse075,train,p05_f14_graph_eulerian_path_check,p05,p05_f14_graph_eulerian_path_check,p05_f14_graph_eulerian_path_check,QUERY_REUSED,YES,NO
p05_reuse075,train,p05_f16_graph_vertex_eccentricity,p05,p05_f16_graph_vertex_eccentricity,p05_f16_graph_vertex_eccentricity,QUERY_REUSED,YES,NO
p05_reuse075,train,p02_f03_heap_sift_down,p02,p02_f03_heap_sift_down,p02_f03_heap_sift_down,DONOR,YES,NO
p05_reuse075,train,p02_f05_heap_pop_min,p02,p02_f05_heap_pop_min,p02_f05_heap_pop_min,DONOR,YES,NO
p05_reuse075,train,p02_f06_heap_peek,p02,p02_f06_heap_peek,p02_f06_heap_peek,DONOR,YES,NO
p05_reuse075,train,p02_f09_heap_replace,p02,p02_f09_heap_replace,p02_f09_heap_replace,DONOR,YES,NO
p05_reuse100,train,p05_f01_adj_init,p05,p05_f01_adj_init,p05_f01_adj_init,QUERY_REUSED,YES,NO
p05_reuse100,train,p05_f02_adj_add_edge,p05,p05_f02_adj_add_edge,p05_f02_adj_add_edge,QUERY_REUSED,YES,NO
p05_reuse100,train,p05_f03_adj_has_edge,p05,p05_f03_adj_has_edge,p05_f03_adj_has_edge,QUERY_REUSED,YES,NO
p05_reuse100,train,p05_f04_adj_in_degree,p05,p05_f04_adj_in_degree,p05_f04_adj_in_degree,QUERY_REUSED,YES,NO
p05_reuse100,train,p05_f05_adj_out_degree,p05,p05_f05_adj_out_degree,p05_f05_adj_out_degree,QUERY_REUSED,YES,NO
p05_reuse100,train,p05_f06_graph_bfs,p05,p05_f06_graph_bfs,p05_f06_graph_bfs,QUERY_REUSED,YES,NO
p05_reuse100,train,p05_f07_graph_dfs_iterative,p05,p05_f07_graph_dfs_iterative,p05_f07_graph_dfs_iterative,QUERY_REUSED,YES,NO
p05_reuse100,train,p05_f08_graph_has_cycle_directed,p05,p05_f08_graph_has_cycle_directed,p05_f08_graph_has_cycle_directed,QUERY_REUSED,YES,NO
p05_reuse100,train,p05_f09_graph_connected_components,p05,p05_f09_graph_connected_components,p05_f09_graph_connected_components,QUERY_REUSED,YES,NO
p05_reuse100,train,p05_f10_graph_bipartite_check,p05,p05_f10_graph_bipartite_check,p05_f10_graph_bipartite_check,QUERY_REUSED,YES,NO
p05_reuse100,train,p05_f11_graph_transitive_closure,p05,p05_f11_graph_transitive_closure,p05_f11_graph_transitive_closure,QUERY_REUSED,YES,NO
p05_reuse100,train,p05_f12_graph_density,p05,p05_f12_graph_density,p05_f12_graph_density,QUERY_REUSED,YES,NO
p05_reuse100,train,p05_f13_graph_isolate_count,p05,p05_f13_graph_isolate_count,p05_f13_graph_isolate_count,QUERY_REUSED,YES,NO
p05_reuse100,train,p05_f14_graph_eulerian_path_check,p05,p05_f14_graph_eulerian_path_check,p05_f14_graph_eulerian_path_check,QUERY_REUSED,YES,NO
p05_reuse100,train,p05_f15_graph_subgraph_induced,p05,p05_f15_graph_subgraph_induced,p05_f15_graph_subgraph_induced,QUERY_REUSED,YES,NO
p05_reuse100,train,p05_f16_graph_vertex_eccentricity,p05,p05_f16_graph_vertex_eccentricity,p05_f16_graph_vertex_eccentricity,QUERY_REUSED,YES,NO
p06_reuse000,train,p03_f01_str_trim,p03,p03_f01_str_trim,p03_f01_str_trim,DONOR,YES,NO
p06_reuse000,train,p03_f02_str_split_delim,p03,p03_f02_str_split_delim,p03_f02_str_split_delim,DONOR,YES,NO
p06_reuse000,train,p03_f03_str_join,p03,p03_f03_str_join,p03_f03_str_join,DONOR,YES,NO
p06_reuse000,train,p03_f04_str_starts_with,p03,p03_f04_str_starts_with,p03_f04_str_starts_with,DONOR,YES,NO
p06_reuse000,train,p03_f05_str_ends_with,p03,p03_f05_str_ends_with,p03_f05_str_ends_with,DONOR,YES,NO
p06_reuse000,train,p03_f06_str_replace_char,p03,p03_f06_str_replace_char,p03_f06_str_replace_char,DONOR,YES,NO
p06_reuse000,train,p03_f07_str_count_substr,p03,p03_f07_str_count_substr,p03_f07_str_count_substr,DONOR,YES,NO
p06_reuse000,train,p03_f08_str_to_lower_ascii,p03,p03_f08_str_to_lower_ascii,p03_f08_str_to_lower_ascii,DONOR,YES,NO
p06_reuse000,train,p03_f09_str_to_upper_ascii,p03,p03_f09_str_to_upper_ascii,p03_f09_str_to_upper_ascii,DONOR,YES,NO
p06_reuse000,train,p03_f10_str_reverse,p03,p03_f10_str_reverse,p03_f10_str_reverse,DONOR,YES,NO
p06_reuse000,train,p03_f11_str_levenshtein,p03,p03_f11_str_levenshtein,p03_f11_str_levenshtein,DONOR,YES,NO
p06_reuse000,train,p03_f12_str_escape_c,p03,p03_f12_str_escape_c,p03_f12_str_escape_c,DONOR,YES,NO
p06_reuse000,train,p03_f13_str_unescape_c,p03,p03_f13_str_unescape_c,p03_f13_str_unescape_c,DONOR,YES,NO
p06_reuse000,train,p03_f14_str_parse_int,p03,p03_f14_str_parse_int,p03_f14_str_parse_int,DONOR,YES,NO
p06_reuse000,train,p03_f15_str_format_hex,p03,p03_f15_str_format_hex,p03_f15_str_format_hex,DONOR,YES,NO
p06_reuse000,train,p03_f16_str_parse_hex,p03,p03_f16_str_parse_hex,p03_f16_str_parse_hex,DONOR,YES,NO
p06_reuse025,train,p06_f02_tlv_encode_uint16,p06,p06_f02_tlv_encode_uint16,p06_f02_tlv_encode_uint16,QUERY_REUSED,YES,NO
p06_reuse025,train,p06_f03_tlv_encode_uint32,p06,p06_f03_tlv_encode_uint32,p06_f03_tlv_encode_uint32,QUERY_REUSED,YES,NO
p06_reuse025,train,p06_f05_tlv_decode_header,p06,p06_f05_tlv_decode_header,p06_f05_tlv_decode_header,QUERY_REUSED,YES,NO
p06_reuse025,train,p06_f08_tlv_decode_uint32,p06,p06_f08_tlv_decode_uint32,p06_f08_tlv_decode_uint32,QUERY_REUSED,YES,NO
p06_reuse025,train,p03_f01_str_trim,p03,p03_f01_str_trim,p03_f01_str_trim,DONOR,YES,NO
p06_reuse025,train,p03_f02_str_split_delim,p03,p03_f02_str_split_delim,p03_f02_str_split_delim,DONOR,YES,NO
p06_reuse025,train,p03_f03_str_join,p03,p03_f03_str_join,p03_f03_str_join,DONOR,YES,NO
p06_reuse025,train,p03_f06_str_replace_char,p03,p03_f06_str_replace_char,p03_f06_str_replace_char,DONOR,YES,NO
p06_reuse025,train,p03_f08_str_to_lower_ascii,p03,p03_f08_str_to_lower_ascii,p03_f08_str_to_lower_ascii,DONOR,YES,NO
p06_reuse025,train,p03_f09_str_to_upper_ascii,p03,p03_f09_str_to_upper_ascii,p03_f09_str_to_upper_ascii,DONOR,YES,NO
p06_reuse025,train,p03_f10_str_reverse,p03,p03_f10_str_reverse,p03_f10_str_reverse,DONOR,YES,NO
p06_reuse025,train,p03_f11_str_levenshtein,p03,p03_f11_str_levenshtein,p03_f11_str_levenshtein,DONOR,YES,NO
p06_reuse025,train,p03_f12_str_escape_c,p03,p03_f12_str_escape_c,p03_f12_str_escape_c,DONOR,YES,NO
p06_reuse025,train,p03_f13_str_unescape_c,p03,p03_f13_str_unescape_c,p03_f13_str_unescape_c,DONOR,YES,NO
p06_reuse025,train,p03_f14_str_parse_int,p03,p03_f14_str_parse_int,p03_f14_str_parse_int,DONOR,YES,NO
p06_reuse025,train,p03_f15_str_format_hex,p03,p03_f15_str_format_hex,p03_f15_str_format_hex,DONOR,YES,NO
p06_reuse050,train,p06_f02_tlv_encode_uint16,p06,p06_f02_tlv_encode_uint16,p06_f02_tlv_encode_uint16,QUERY_REUSED,YES,NO
p06_reuse050,train,p06_f03_tlv_encode_uint32,p06,p06_f03_tlv_encode_uint32,p06_f03_tlv_encode_uint32,QUERY_REUSED,YES,NO
p06_reuse050,train,p06_f05_tlv_decode_header,p06,p06_f05_tlv_decode_header,p06_f05_tlv_decode_header,QUERY_REUSED,YES,NO
p06_reuse050,train,p06_f06_tlv_decode_uint8,p06,p06_f06_tlv_decode_uint8,p06_f06_tlv_decode_uint8,QUERY_REUSED,YES,NO
p06_reuse050,train,p06_f12_packet_header_build,p06,p06_f12_packet_header_build,p06_f12_packet_header_build,QUERY_REUSED,YES,NO
p06_reuse050,train,p06_f13_packet_header_parse,p06,p06_f13_packet_header_parse,p06_f13_packet_header_parse,QUERY_REUSED,YES,NO
p06_reuse050,train,p06_f14_packet_payload_pad,p06,p06_f14_packet_payload_pad,p06_f14_packet_payload_pad,QUERY_REUSED,YES,NO
p06_reuse050,train,p06_f15_packet_payload_unpad,p06,p06_f15_packet_payload_unpad,p06_f15_packet_payload_unpad,QUERY_REUSED,YES,NO
p06_reuse050,train,p03_f01_str_trim,p03,p03_f01_str_trim,p03_f01_str_trim,DONOR,YES,NO
p06_reuse050,train,p03_f03_str_join,p03,p03_f03_str_join,p03_f03_str_join,DONOR,YES,NO
p06_reuse050,train,p03_f06_str_replace_char,p03,p03_f06_str_replace_char,p03_f06_str_replace_char,DONOR,YES,NO
p06_reuse050,train,p03_f07_str_count_substr,p03,p03_f07_str_count_substr,p03_f07_str_count_substr,DONOR,YES,NO
p06_reuse050,train,p03_f09_str_to_upper_ascii,p03,p03_f09_str_to_upper_ascii,p03_f09_str_to_upper_ascii,DONOR,YES,NO
p06_reuse050,train,p03_f10_str_reverse,p03,p03_f10_str_reverse,p03_f10_str_reverse,DONOR,YES,NO
p06_reuse050,train,p03_f11_str_levenshtein,p03,p03_f11_str_levenshtein,p03_f11_str_levenshtein,DONOR,YES,NO
p06_reuse050,train,p03_f14_str_parse_int,p03,p03_f14_str_parse_int,p03_f14_str_parse_int,DONOR,YES,NO
p06_reuse075,train,p06_f01_tlv_encode_uint8,p06,p06_f01_tlv_encode_uint8,p06_f01_tlv_encode_uint8,QUERY_REUSED,YES,NO
p06_reuse075,train,p06_f02_tlv_encode_uint16,p06,p06_f02_tlv_encode_uint16,p06_f02_tlv_encode_uint16,QUERY_REUSED,YES,NO
p06_reuse075,train,p06_f03_tlv_encode_uint32,p06,p06_f03_tlv_encode_uint32,p06_f03_tlv_encode_uint32,QUERY_REUSED,YES,NO
p06_reuse075,train,p06_f05_tlv_decode_header,p06,p06_f05_tlv_decode_header,p06_f05_tlv_decode_header,QUERY_REUSED,YES,NO
p06_reuse075,train,p06_f08_tlv_decode_uint32,p06,p06_f08_tlv_decode_uint32,p06_f08_tlv_decode_uint32,QUERY_REUSED,YES,NO
p06_reuse075,train,p06_f09_tlv_find_tag,p06,p06_f09_tlv_find_tag,p06_f09_tlv_find_tag,QUERY_REUSED,YES,NO
p06_reuse075,train,p06_f10_tlv_count_tags,p06,p06_f10_tlv_count_tags,p06_f10_tlv_count_tags,QUERY_REUSED,YES,NO
p06_reuse075,train,p06_f11_tlv_validate_buffer,p06,p06_f11_tlv_validate_buffer,p06_f11_tlv_validate_buffer,QUERY_REUSED,YES,NO
p06_reuse075,train,p06_f12_packet_header_build,p06,p06_f12_packet_header_build,p06_f12_packet_header_build,QUERY_REUSED,YES,NO
p06_reuse075,train,p06_f14_packet_payload_pad,p06,p06_f14_packet_payload_pad,p06_f14_packet_payload_pad,QUERY_REUSED,YES,NO
p06_reuse075,train,p06_f15_packet_payload_unpad,p06,p06_f15_packet_payload_unpad,p06_f15_packet_payload_unpad,QUERY_REUSED,YES,NO
p06_reuse075,train,p06_f16_packet_serialize,p06,p06_f16_packet_serialize,p06_f16_packet_serialize,QUERY_REUSED,YES,NO
p06_reuse075,train,p03_f03_str_join,p03,p03_f03_str_join,p03_f03_str_join,DONOR,YES,NO
p06_reuse075,train,p03_f05_str_ends_with,p03,p03_f05_str_ends_with,p03_f05_str_ends_with,DONOR,YES,NO
p06_reuse075,train,p03_f12_str_escape_c,p03,p03_f12_str_escape_c,p03_f12_str_escape_c,DONOR,YES,NO
p06_reuse075,train,p03_f15_str_format_hex,p03,p03_f15_str_format_hex,p03_f15_str_format_hex,DONOR,YES,NO
p06_reuse100,train,p06_f01_tlv_encode_uint8,p06,p06_f01_tlv_encode_uint8,p06_f01_tlv_encode_uint8,QUERY_REUSED,YES,NO
p06_reuse100,train,p06_f02_tlv_encode_uint16,p06,p06_f02_tlv_encode_uint16,p06_f02_tlv_encode_uint16,QUERY_REUSED,YES,NO
p06_reuse100,train,p06_f03_tlv_encode_uint32,p06,p06_f03_tlv_encode_uint32,p06_f03_tlv_encode_uint32,QUERY_REUSED,YES,NO
p06_reuse100,train,p06_f04_tlv_encode_bytes,p06,p06_f04_tlv_encode_bytes,p06_f04_tlv_encode_bytes,QUERY_REUSED,YES,NO
p06_reuse100,train,p06_f05_tlv_decode_header,p06,p06_f05_tlv_decode_header,p06_f05_tlv_decode_header,QUERY_REUSED,YES,NO
p06_reuse100,train,p06_f06_tlv_decode_uint8,p06,p06_f06_tlv_decode_uint8,p06_f06_tlv_decode_uint8,QUERY_REUSED,YES,NO
p06_reuse100,train,p06_f07_tlv_decode_uint16,p06,p06_f07_tlv_decode_uint16,p06_f07_tlv_decode_uint16,QUERY_REUSED,YES,NO
p06_reuse100,train,p06_f08_tlv_decode_uint32,p06,p06_f08_tlv_decode_uint32,p06_f08_tlv_decode_uint32,QUERY_REUSED,YES,NO
p06_reuse100,train,p06_f09_tlv_find_tag,p06,p06_f09_tlv_find_tag,p06_f09_tlv_find_tag,QUERY_REUSED,YES,NO
p06_reuse100,train,p06_f10_tlv_count_tags,p06,p06_f10_tlv_count_tags,p06_f10_tlv_count_tags,QUERY_REUSED,YES,NO
p06_reuse100,train,p06_f11_tlv_validate_buffer,p06,p06_f11_tlv_validate_buffer,p06_f11_tlv_validate_buffer,QUERY_REUSED,YES,NO
p06_reuse100,train,p06_f12_packet_header_build,p06,p06_f12_packet_header_build,p06_f12_packet_header_build,QUERY_REUSED,YES,NO
p06_reuse100,train,p06_f13_packet_header_parse,p06,p06_f13_packet_header_parse,p06_f13_packet_header_parse,QUERY_REUSED,YES,NO
p06_reuse100,train,p06_f14_packet_payload_pad,p06,p06_f14_packet_payload_pad,p06_f14_packet_payload_pad,QUERY_REUSED,YES,NO
p06_reuse100,train,p06_f15_packet_payload_unpad,p06,p06_f15_packet_payload_unpad,p06_f15_packet_payload_unpad,QUERY_REUSED,YES,NO
p06_reuse100,train,p06_f16_packet_serialize,p06,p06_f16_packet_serialize,p06_f16_packet_serialize,QUERY_REUSED,YES,NO
p07_reuse000,train,p04_f01_mat_init_zero,p04,p04_f01_mat_init_zero,p04_f01_mat_init_zero,DONOR,YES,NO
p07_reuse000,train,p04_f02_mat_init_identity,p04,p04_f02_mat_init_identity,p04_f02_mat_init_identity,DONOR,YES,NO
p07_reuse000,train,p04_f03_mat_add,p04,p04_f03_mat_add,p04_f03_mat_add,DONOR,YES,NO
p07_reuse000,train,p04_f04_mat_sub,p04,p04_f04_mat_sub,p04_f04_mat_sub,DONOR,YES,NO
p07_reuse000,train,p04_f05_mat_scale,p04,p04_f05_mat_scale,p04_f05_mat_scale,DONOR,YES,NO
p07_reuse000,train,p04_f06_mat_transpose,p04,p04_f06_mat_transpose,p04_f06_mat_transpose,DONOR,YES,NO
p07_reuse000,train,p04_f07_mat_mul,p04,p04_f07_mat_mul,p04_f07_mat_mul,DONOR,YES,NO
p07_reuse000,train,p04_f08_mat_vec_mul,p04,p04_f08_mat_vec_mul,p04_f08_mat_vec_mul,DONOR,YES,NO
p07_reuse000,train,p04_f09_mat_trace,p04,p04_f09_mat_trace,p04_f09_mat_trace,DONOR,YES,NO
p07_reuse000,train,p04_f10_mat_det_2x2,p04,p04_f10_mat_det_2x2,p04_f10_mat_det_2x2,DONOR,YES,NO
p07_reuse000,train,p04_f11_mat_det_3x3,p04,p04_f11_mat_det_3x3,p04_f11_mat_det_3x3,DONOR,YES,NO
p07_reuse000,train,p04_f12_mat_frobenius_norm,p04,p04_f12_mat_frobenius_norm,p04_f12_mat_frobenius_norm,DONOR,YES,NO
p07_reuse000,train,p04_f13_mat_is_symmetric,p04,p04_f13_mat_is_symmetric,p04_f13_mat_is_symmetric,DONOR,YES,NO
p07_reuse000,train,p04_f14_mat_lu_decompose_3x3,p04,p04_f14_mat_lu_decompose_3x3,p04_f14_mat_lu_decompose_3x3,DONOR,YES,NO
p07_reuse000,train,p04_f15_mat_solve_upper_tri,p04,p04_f15_mat_solve_upper_tri,p04_f15_mat_solve_upper_tri,DONOR,YES,NO
p07_reuse000,train,p04_f16_mat_hadamard_product,p04,p04_f16_mat_hadamard_product,p04_f16_mat_hadamard_product,DONOR,YES,NO
p07_reuse025,train,p07_f01_slab_init,p07,p07_f01_slab_init,p07_f01_slab_init,QUERY_REUSED,YES,NO
p07_reuse025,train,p07_f06_slab_mark_busy,p07,p07_f06_slab_mark_busy,p07_f06_slab_mark_busy,QUERY_REUSED,YES,NO
p07_reuse025,train,p07_f13_slab_stats_utilization,p07,p07_f13_slab_stats_utilization,p07_f13_slab_stats_utilization,QUERY_REUSED,YES,NO
p07_reuse025,train,p07_f16_slab_compact_scan,p07,p07_f16_slab_compact_scan,p07_f16_slab_compact_scan,QUERY_REUSED,YES,NO
p07_reuse025,train,p04_f01_mat_init_zero,p04,p04_f01_mat_init_zero,p04_f01_mat_init_zero,DONOR,YES,NO
p07_reuse025,train,p04_f02_mat_init_identity,p04,p04_f02_mat_init_identity,p04_f02_mat_init_identity,DONOR,YES,NO
p07_reuse025,train,p04_f03_mat_add,p04,p04_f03_mat_add,p04_f03_mat_add,DONOR,YES,NO
p07_reuse025,train,p04_f04_mat_sub,p04,p04_f04_mat_sub,p04_f04_mat_sub,DONOR,YES,NO
p07_reuse025,train,p04_f05_mat_scale,p04,p04_f05_mat_scale,p04_f05_mat_scale,DONOR,YES,NO
p07_reuse025,train,p04_f06_mat_transpose,p04,p04_f06_mat_transpose,p04_f06_mat_transpose,DONOR,YES,NO
p07_reuse025,train,p04_f08_mat_vec_mul,p04,p04_f08_mat_vec_mul,p04_f08_mat_vec_mul,DONOR,YES,NO
p07_reuse025,train,p04_f10_mat_det_2x2,p04,p04_f10_mat_det_2x2,p04_f10_mat_det_2x2,DONOR,YES,NO
p07_reuse025,train,p04_f11_mat_det_3x3,p04,p04_f11_mat_det_3x3,p04_f11_mat_det_3x3,DONOR,YES,NO
p07_reuse025,train,p04_f12_mat_frobenius_norm,p04,p04_f12_mat_frobenius_norm,p04_f12_mat_frobenius_norm,DONOR,YES,NO
p07_reuse025,train,p04_f15_mat_solve_upper_tri,p04,p04_f15_mat_solve_upper_tri,p04_f15_mat_solve_upper_tri,DONOR,YES,NO
p07_reuse025,train,p04_f16_mat_hadamard_product,p04,p04_f16_mat_hadamard_product,p04_f16_mat_hadamard_product,DONOR,YES,NO
p07_reuse050,train,p07_f01_slab_init,p07,p07_f01_slab_init,p07_f01_slab_init,QUERY_REUSED,YES,NO
p07_reuse050,train,p07_f09_slab_defragment_check,p07,p07_f09_slab_defragment_check,p07_f09_slab_defragment_check,QUERY_REUSED,YES,NO
p07_reuse050,train,p07_f11_slab_block_index,p07,p07_f11_slab_block_index,p07_f11_slab_block_index,QUERY_REUSED,YES,NO
p07_reuse050,train,p07_f12_slab_index_to_pointer,p07,p07_f12_slab_index_to_pointer,p07_f12_slab_index_to_pointer,QUERY_REUSED,YES,NO
p07_reuse050,train,p07_f13_slab_stats_utilization,p07,p07_f13_slab_stats_utilization,p07_f13_slab_stats_utilization,QUERY_REUSED,YES,NO
p07_reuse050,train,p07_f14_slab_audit_integrity,p07,p07_f14_slab_audit_integrity,p07_f14_slab_audit_integrity,QUERY_REUSED,YES,NO
p07_reuse050,train,p07_f15_slab_scrub_pattern,p07,p07_f15_slab_scrub_pattern,p07_f15_slab_scrub_pattern,QUERY_REUSED,YES,NO
p07_reuse050,train,p07_f16_slab_compact_scan,p07,p07_f16_slab_compact_scan,p07_f16_slab_compact_scan,QUERY_REUSED,YES,NO
p07_reuse050,train,p04_f04_mat_sub,p04,p04_f04_mat_sub,p04_f04_mat_sub,DONOR,YES,NO
p07_reuse050,train,p04_f05_mat_scale,p04,p04_f05_mat_scale,p04_f05_mat_scale,DONOR,YES,NO
p07_reuse050,train,p04_f06_mat_transpose,p04,p04_f06_mat_transpose,p04_f06_mat_transpose,DONOR,YES,NO
p07_reuse050,train,p04_f07_mat_mul,p04,p04_f07_mat_mul,p04_f07_mat_mul,DONOR,YES,NO
p07_reuse050,train,p04_f08_mat_vec_mul,p04,p04_f08_mat_vec_mul,p04_f08_mat_vec_mul,DONOR,YES,NO
p07_reuse050,train,p04_f09_mat_trace,p04,p04_f09_mat_trace,p04_f09_mat_trace,DONOR,YES,NO
p07_reuse050,train,p04_f10_mat_det_2x2,p04,p04_f10_mat_det_2x2,p04_f10_mat_det_2x2,DONOR,YES,NO
p07_reuse050,train,p04_f16_mat_hadamard_product,p04,p04_f16_mat_hadamard_product,p04_f16_mat_hadamard_product,DONOR,YES,NO
p07_reuse075,train,p07_f01_slab_init,p07,p07_f01_slab_init,p07_f01_slab_init,QUERY_REUSED,YES,NO
p07_reuse075,train,p07_f03_slab_free_block,p07,p07_f03_slab_free_block,p07_f03_slab_free_block,QUERY_REUSED,YES,NO
p07_reuse075,train,p07_f06_slab_mark_busy,p07,p07_f06_slab_mark_busy,p07_f06_slab_mark_busy,QUERY_REUSED,YES,NO
p07_reuse075,train,p07_f07_slab_mark_free,p07,p07_f07_slab_mark_free,p07_f07_slab_mark_free,QUERY_REUSED,YES,NO
p07_reuse075,train,p07_f08_slab_find_first_free_bit,p07,p07_f08_slab_find_first_free_bit,p07_f08_slab_find_first_free_bit,QUERY_REUSED,YES,NO
p07_reuse075,train,p07_f09_slab_defragment_check,p07,p07_f09_slab_defragment_check,p07_f09_slab_defragment_check,QUERY_REUSED,YES,NO
p07_reuse075,train,p07_f10_slab_reset,p07,p07_f10_slab_reset,p07_f10_slab_reset,QUERY_REUSED,YES,NO
p07_reuse075,train,p07_f11_slab_block_index,p07,p07_f11_slab_block_index,p07_f11_slab_block_index,QUERY_REUSED,YES,NO
p07_reuse075,train,p07_f12_slab_index_to_pointer,p07,p07_f12_slab_index_to_pointer,p07_f12_slab_index_to_pointer,QUERY_REUSED,YES,NO
p07_reuse075,train,p07_f14_slab_audit_integrity,p07,p07_f14_slab_audit_integrity,p07_f14_slab_audit_integrity,QUERY_REUSED,YES,NO
p07_reuse075,train,p07_f15_slab_scrub_pattern,p07,p07_f15_slab_scrub_pattern,p07_f15_slab_scrub_pattern,QUERY_REUSED,YES,NO
p07_reuse075,train,p07_f16_slab_compact_scan,p07,p07_f16_slab_compact_scan,p07_f16_slab_compact_scan,QUERY_REUSED,YES,NO
p07_reuse075,train,p04_f01_mat_init_zero,p04,p04_f01_mat_init_zero,p04_f01_mat_init_zero,DONOR,YES,NO
p07_reuse075,train,p04_f09_mat_trace,p04,p04_f09_mat_trace,p04_f09_mat_trace,DONOR,YES,NO
p07_reuse075,train,p04_f12_mat_frobenius_norm,p04,p04_f12_mat_frobenius_norm,p04_f12_mat_frobenius_norm,DONOR,YES,NO
p07_reuse075,train,p04_f15_mat_solve_upper_tri,p04,p04_f15_mat_solve_upper_tri,p04_f15_mat_solve_upper_tri,DONOR,YES,NO
p07_reuse100,train,p07_f01_slab_init,p07,p07_f01_slab_init,p07_f01_slab_init,QUERY_REUSED,YES,NO
p07_reuse100,train,p07_f02_slab_alloc_block,p07,p07_f02_slab_alloc_block,p07_f02_slab_alloc_block,QUERY_REUSED,YES,NO
p07_reuse100,train,p07_f03_slab_free_block,p07,p07_f03_slab_free_block,p07_f03_slab_free_block,QUERY_REUSED,YES,NO
p07_reuse100,train,p07_f04_slab_available_count,p07,p07_f04_slab_available_count,p07_f04_slab_available_count,QUERY_REUSED,YES,NO
p07_reuse100,train,p07_f05_slab_is_pointer_valid,p07,p07_f05_slab_is_pointer_valid,p07_f05_slab_is_pointer_valid,QUERY_REUSED,YES,NO
p07_reuse100,train,p07_f06_slab_mark_busy,p07,p07_f06_slab_mark_busy,p07_f06_slab_mark_busy,QUERY_REUSED,YES,NO
p07_reuse100,train,p07_f07_slab_mark_free,p07,p07_f07_slab_mark_free,p07_f07_slab_mark_free,QUERY_REUSED,YES,NO
p07_reuse100,train,p07_f08_slab_find_first_free_bit,p07,p07_f08_slab_find_first_free_bit,p07_f08_slab_find_first_free_bit,QUERY_REUSED,YES,NO
p07_reuse100,train,p07_f09_slab_defragment_check,p07,p07_f09_slab_defragment_check,p07_f09_slab_defragment_check,QUERY_REUSED,YES,NO
p07_reuse100,train,p07_f10_slab_reset,p07,p07_f10_slab_reset,p07_f10_slab_reset,QUERY_REUSED,YES,NO
p07_reuse100,train,p07_f11_slab_block_index,p07,p07_f11_slab_block_index,p07_f11_slab_block_index,QUERY_REUSED,YES,NO
p07_reuse100,train,p07_f12_slab_index_to_pointer,p07,p07_f12_slab_index_to_pointer,p07_f12_slab_index_to_pointer,QUERY_REUSED,YES,NO
p07_reuse100,train,p07_f13_slab_stats_utilization,p07,p07_f13_slab_stats_utilization,p07_f13_slab_stats_utilization,QUERY_REUSED,YES,NO
p07_reuse100,train,p07_f14_slab_audit_integrity,p07,p07_f14_slab_audit_integrity,p07_f14_slab_audit_integrity,QUERY_REUSED,YES,NO
p07_reuse100,train,p07_f15_slab_scrub_pattern,p07,p07_f15_slab_scrub_pattern,p07_f15_slab_scrub_pattern,QUERY_REUSED,YES,NO
p07_reuse100,train,p07_f16_slab_compact_scan,p07,p07_f16_slab_compact_scan,p07_f16_slab_compact_scan,QUERY_REUSED,YES,NO
p08_reuse000,dev,p10_f01_nfa_init,p10,p10_f01_nfa_init,p10_f01_nfa_init,DONOR,YES,NO
p08_reuse000,dev,p10_f02_nfa_add_state,p10,p10_f02_nfa_add_state,p10_f02_nfa_add_state,DONOR,YES,NO
p08_reuse000,dev,p10_f03_nfa_set_transition,p10,p10_f03_nfa_set_transition,p10_f03_nfa_set_transition,DONOR,YES,NO
p08_reuse000,dev,p10_f04_nfa_set_match,p10,p10_f04_nfa_set_match,p10_f04_nfa_set_match,DONOR,YES,NO
p08_reuse000,dev,p10_f05_nfa_create_literal,p10,p10_f05_nfa_create_literal,p10_f05_nfa_create_literal,DONOR,YES,NO
p08_reuse000,dev,p10_f06_nfa_concat,p10,p10_f06_nfa_concat,p10_f06_nfa_concat,DONOR,YES,NO
p08_reuse000,dev,p10_f07_nfa_alternate,p10,p10_f07_nfa_alternate,p10_f07_nfa_alternate,DONOR,YES,NO
p08_reuse000,dev,p10_f08_nfa_star,p10,p10_f08_nfa_star,p10_f08_nfa_star,DONOR,YES,NO
p08_reuse000,dev,p10_f09_nfa_plus,p10,p10_f09_nfa_plus,p10_f09_nfa_plus,DONOR,YES,NO
p08_reuse000,dev,p10_f10_nfa_optional,p10,p10_f10_nfa_optional,p10_f10_nfa_optional,DONOR,YES,NO
p08_reuse000,dev,p10_f11_nfa_epsilon_closure,p10,p10_f11_nfa_epsilon_closure,p10_f11_nfa_epsilon_closure,DONOR,YES,NO
p08_reuse000,dev,p10_f12_nfa_step,p10,p10_f12_nfa_step,p10_f12_nfa_step,DONOR,YES,NO
p08_reuse000,dev,p10_f13_nfa_simulate,p10,p10_f13_nfa_simulate,p10_f13_nfa_simulate,DONOR,YES,NO
p08_reuse000,dev,p10_f14_nfa_match_prefix,p10,p10_f14_nfa_match_prefix,p10_f14_nfa_match_prefix,DONOR,YES,NO
p08_reuse000,dev,p10_f15_nfa_active_count,p10,p10_f15_nfa_active_count,p10_f15_nfa_active_count,DONOR,YES,NO
p08_reuse000,dev,p10_f16_nfa_reset,p10,p10_f16_nfa_reset,p10_f16_nfa_reset,DONOR,YES,NO
p08_reuse025,dev,p08_f05_djb2_hash,p08,p08_f05_djb2_hash,p08_f05_djb2_hash,QUERY_REUSED,YES,NO
p08_reuse025,dev,p08_f10_rot13_cipher,p08,p08_f10_rot13_cipher,p08_f10_rot13_cipher,QUERY_REUSED,YES,NO
p08_reuse025,dev,p08_f13_poly1305_clamp,p08,p08_f13_poly1305_clamp,p08_f13_poly1305_clamp,QUERY_REUSED,YES,NO
p08_reuse025,dev,p08_f16_checksum_fold64_to_32,p08,p08_f16_checksum_fold64_to_32,p08_f16_checksum_fold64_to_32,QUERY_REUSED,YES,NO
p08_reuse025,dev,p10_f01_nfa_init,p10,p10_f01_nfa_init,p10_f01_nfa_init,DONOR,YES,NO
p08_reuse025,dev,p10_f02_nfa_add_state,p10,p10_f02_nfa_add_state,p10_f02_nfa_add_state,DONOR,YES,NO
p08_reuse025,dev,p10_f04_nfa_set_match,p10,p10_f04_nfa_set_match,p10_f04_nfa_set_match,DONOR,YES,NO
p08_reuse025,dev,p10_f05_nfa_create_literal,p10,p10_f05_nfa_create_literal,p10_f05_nfa_create_literal,DONOR,YES,NO
p08_reuse025,dev,p10_f06_nfa_concat,p10,p10_f06_nfa_concat,p10_f06_nfa_concat,DONOR,YES,NO
p08_reuse025,dev,p10_f07_nfa_alternate,p10,p10_f07_nfa_alternate,p10_f07_nfa_alternate,DONOR,YES,NO
p08_reuse025,dev,p10_f09_nfa_plus,p10,p10_f09_nfa_plus,p10_f09_nfa_plus,DONOR,YES,NO
p08_reuse025,dev,p10_f10_nfa_optional,p10,p10_f10_nfa_optional,p10_f10_nfa_optional,DONOR,YES,NO
p08_reuse025,dev,p10_f11_nfa_epsilon_closure,p10,p10_f11_nfa_epsilon_closure,p10_f11_nfa_epsilon_closure,DONOR,YES,NO
p08_reuse025,dev,p10_f12_nfa_step,p10,p10_f12_nfa_step,p10_f12_nfa_step,DONOR,YES,NO
p08_reuse025,dev,p10_f14_nfa_match_prefix,p10,p10_f14_nfa_match_prefix,p10_f14_nfa_match_prefix,DONOR,YES,NO
p08_reuse025,dev,p10_f15_nfa_active_count,p10,p10_f15_nfa_active_count,p10_f15_nfa_active_count,DONOR,YES,NO
p08_reuse050,dev,p08_f01_adler32,p08,p08_f01_adler32,p08_f01_adler32,QUERY_REUSED,YES,NO
p08_reuse050,dev,p08_f02_siphash_round,p08,p08_f02_siphash_round,p08_f02_siphash_round,QUERY_REUSED,YES,NO
p08_reuse050,dev,p08_f04_half_siphash,p08,p08_f04_half_siphash,p08_f04_half_siphash,QUERY_REUSED,YES,NO
p08_reuse050,dev,p08_f06_sdbm_hash,p08,p08_f06_sdbm_hash,p08_f06_sdbm_hash,QUERY_REUSED,YES,NO
p08_reuse050,dev,p08_f07_rabin_karp_rolling,p08,p08_f07_rabin_karp_rolling,p08_f07_rabin_karp_rolling,QUERY_REUSED,YES,NO
p08_reuse050,dev,p08_f10_rot13_cipher,p08,p08_f10_rot13_cipher,p08_f10_rot13_cipher,QUERY_REUSED,YES,NO
p08_reuse050,dev,p08_f12_crc16_usb,p08,p08_f12_crc16_usb,p08_f12_crc16_usb,QUERY_REUSED,YES,NO
p08_reuse050,dev,p08_f14_chash_simple,p08,p08_f14_chash_simple,p08_f14_chash_simple,QUERY_REUSED,YES,NO
p08_reuse050,dev,p10_f01_nfa_init,p10,p10_f01_nfa_init,p10_f01_nfa_init,DONOR,YES,NO
p08_reuse050,dev,p10_f02_nfa_add_state,p10,p10_f02_nfa_add_state,p10_f02_nfa_add_state,DONOR,YES,NO
p08_reuse050,dev,p10_f04_nfa_set_match,p10,p10_f04_nfa_set_match,p10_f04_nfa_set_match,DONOR,YES,NO
p08_reuse050,dev,p10_f05_nfa_create_literal,p10,p10_f05_nfa_create_literal,p10_f05_nfa_create_literal,DONOR,YES,NO
p08_reuse050,dev,p10_f06_nfa_concat,p10,p10_f06_nfa_concat,p10_f06_nfa_concat,DONOR,YES,NO
p08_reuse050,dev,p10_f11_nfa_epsilon_closure,p10,p10_f11_nfa_epsilon_closure,p10_f11_nfa_epsilon_closure,DONOR,YES,NO
p08_reuse050,dev,p10_f12_nfa_step,p10,p10_f12_nfa_step,p10_f12_nfa_step,DONOR,YES,NO
p08_reuse050,dev,p10_f16_nfa_reset,p10,p10_f16_nfa_reset,p10_f16_nfa_reset,DONOR,YES,NO
p08_reuse075,dev,p08_f02_siphash_round,p08,p08_f02_siphash_round,p08_f02_siphash_round,QUERY_REUSED,YES,NO
p08_reuse075,dev,p08_f03_siphash24,p08,p08_f03_siphash24,p08_f03_siphash24,QUERY_REUSED,YES,NO
p08_reuse075,dev,p08_f05_djb2_hash,p08,p08_f05_djb2_hash,p08_f05_djb2_hash,QUERY_REUSED,YES,NO
p08_reuse075,dev,p08_f06_sdbm_hash,p08,p08_f06_sdbm_hash,p08_f06_sdbm_hash,QUERY_REUSED,YES,NO
p08_reuse075,dev,p08_f08_jenkins_lookup2,p08,p08_f08_jenkins_lookup2,p08_f08_jenkins_lookup2,QUERY_REUSED,YES,NO
p08_reuse075,dev,p08_f09_knuth_multiplicative,p08,p08_f09_knuth_multiplicative,p08_f09_knuth_multiplicative,QUERY_REUSED,YES,NO
p08_reuse075,dev,p08_f10_rot13_cipher,p08,p08_f10_rot13_cipher,p08_f10_rot13_cipher,QUERY_REUSED,YES,NO
p08_reuse075,dev,p08_f11_rotate_mix32,p08,p08_f11_rotate_mix32,p08_f11_rotate_mix32,QUERY_REUSED,YES,NO
p08_reuse075,dev,p08_f12_crc16_usb,p08,p08_f12_crc16_usb,p08_f12_crc16_usb,QUERY_REUSED,YES,NO
p08_reuse075,dev,p08_f14_chash_simple,p08,p08_f14_chash_simple,p08_f14_chash_simple,QUERY_REUSED,YES,NO
p08_reuse075,dev,p08_f15_hash_mix32,p08,p08_f15_hash_mix32,p08_f15_hash_mix32,QUERY_REUSED,YES,NO
p08_reuse075,dev,p08_f16_checksum_fold64_to_32,p08,p08_f16_checksum_fold64_to_32,p08_f16_checksum_fold64_to_32,QUERY_REUSED,YES,NO
p08_reuse075,dev,p10_f02_nfa_add_state,p10,p10_f02_nfa_add_state,p10_f02_nfa_add_state,DONOR,YES,NO
p08_reuse075,dev,p10_f07_nfa_alternate,p10,p10_f07_nfa_alternate,p10_f07_nfa_alternate,DONOR,YES,NO
p08_reuse075,dev,p10_f08_nfa_star,p10,p10_f08_nfa_star,p10_f08_nfa_star,DONOR,YES,NO
p08_reuse075,dev,p10_f11_nfa_epsilon_closure,p10,p10_f11_nfa_epsilon_closure,p10_f11_nfa_epsilon_closure,DONOR,YES,NO
p08_reuse100,dev,p08_f01_adler32,p08,p08_f01_adler32,p08_f01_adler32,QUERY_REUSED,YES,NO
p08_reuse100,dev,p08_f02_siphash_round,p08,p08_f02_siphash_round,p08_f02_siphash_round,QUERY_REUSED,YES,NO
p08_reuse100,dev,p08_f03_siphash24,p08,p08_f03_siphash24,p08_f03_siphash24,QUERY_REUSED,YES,NO
p08_reuse100,dev,p08_f04_half_siphash,p08,p08_f04_half_siphash,p08_f04_half_siphash,QUERY_REUSED,YES,NO
p08_reuse100,dev,p08_f05_djb2_hash,p08,p08_f05_djb2_hash,p08_f05_djb2_hash,QUERY_REUSED,YES,NO
p08_reuse100,dev,p08_f06_sdbm_hash,p08,p08_f06_sdbm_hash,p08_f06_sdbm_hash,QUERY_REUSED,YES,NO
p08_reuse100,dev,p08_f07_rabin_karp_rolling,p08,p08_f07_rabin_karp_rolling,p08_f07_rabin_karp_rolling,QUERY_REUSED,YES,NO
p08_reuse100,dev,p08_f08_jenkins_lookup2,p08,p08_f08_jenkins_lookup2,p08_f08_jenkins_lookup2,QUERY_REUSED,YES,NO
p08_reuse100,dev,p08_f09_knuth_multiplicative,p08,p08_f09_knuth_multiplicative,p08_f09_knuth_multiplicative,QUERY_REUSED,YES,NO
p08_reuse100,dev,p08_f10_rot13_cipher,p08,p08_f10_rot13_cipher,p08_f10_rot13_cipher,QUERY_REUSED,YES,NO
p08_reuse100,dev,p08_f11_rotate_mix32,p08,p08_f11_rotate_mix32,p08_f11_rotate_mix32,QUERY_REUSED,YES,NO
p08_reuse100,dev,p08_f12_crc16_usb,p08,p08_f12_crc16_usb,p08_f12_crc16_usb,QUERY_REUSED,YES,NO
p08_reuse100,dev,p08_f13_poly1305_clamp,p08,p08_f13_poly1305_clamp,p08_f13_poly1305_clamp,QUERY_REUSED,YES,NO
p08_reuse100,dev,p08_f14_chash_simple,p08,p08_f14_chash_simple,p08_f14_chash_simple,QUERY_REUSED,YES,NO
p08_reuse100,dev,p08_f15_hash_mix32,p08,p08_f15_hash_mix32,p08_f15_hash_mix32,QUERY_REUSED,YES,NO
p08_reuse100,dev,p08_f16_checksum_fold64_to_32,p08,p08_f16_checksum_fold64_to_32,p08_f16_checksum_fold64_to_32,QUERY_REUSED,YES,NO
p09_reuse000,dev,p11_f01_fp_from_int,p11,p11_f01_fp_from_int,p11_f01_fp_from_int,DONOR,YES,NO
p09_reuse000,dev,p11_f02_fp_to_int,p11,p11_f02_fp_to_int,p11_f02_fp_to_int,DONOR,YES,NO
p09_reuse000,dev,p11_f03_fp_add,p11,p11_f03_fp_add,p11_f03_fp_add,DONOR,YES,NO
p09_reuse000,dev,p11_f04_fp_sub,p11,p11_f04_fp_sub,p11_f04_fp_sub,DONOR,YES,NO
p09_reuse000,dev,p11_f05_fp_mul,p11,p11_f05_fp_mul,p11_f05_fp_mul,DONOR,YES,NO
p09_reuse000,dev,p11_f06_fp_div,p11,p11_f06_fp_div,p11_f06_fp_div,DONOR,YES,NO
p09_reuse000,dev,p11_f07_fp_abs,p11,p11_f07_fp_abs,p11_f07_fp_abs,DONOR,YES,NO
p09_reuse000,dev,p11_f08_fp_sqrt,p11,p11_f08_fp_sqrt,p11_f08_fp_sqrt,DONOR,YES,NO
p09_reuse000,dev,p11_f09_fp_exp_taylor,p11,p11_f09_fp_exp_taylor,p11_f09_fp_exp_taylor,DONOR,YES,NO
p09_reuse000,dev,p11_f10_fp_ln_approx,p11,p11_f10_fp_ln_approx,p11_f10_fp_ln_approx,DONOR,YES,NO
p09_reuse000,dev,p11_f11_fp_sin_cordic,p11,p11_f11_fp_sin_cordic,p11_f11_fp_sin_cordic,DONOR,YES,NO
p09_reuse000,dev,p11_f12_fp_cos_cordic,p11,p11_f12_fp_cos_cordic,p11_f12_fp_cos_cordic,DONOR,YES,NO
p09_reuse000,dev,p11_f13_fp_atan2_cordic,p11,p11_f13_fp_atan2_cordic,p11_f13_fp_atan2_cordic,DONOR,YES,NO
p09_reuse000,dev,p11_f14_fp_lerp,p11,p11_f14_fp_lerp,p11_f14_fp_lerp,DONOR,YES,NO
p09_reuse000,dev,p11_f15_fp_clamp,p11,p11_f15_fp_clamp,p11_f15_fp_clamp,DONOR,YES,NO
p09_reuse000,dev,p11_f16_fp_poly_eval,p11,p11_f16_fp_poly_eval,p11_f16_fp_poly_eval,DONOR,YES,NO
p09_reuse025,dev,p09_f02_avl_height,p09,p09_f02_avl_height,p09_f02_avl_height,QUERY_REUSED,YES,NO
p09_reuse025,dev,p09_f03_avl_balance_factor,p09,p09_f03_avl_balance_factor,p09_f03_avl_balance_factor,QUERY_REUSED,YES,NO
p09_reuse025,dev,p09_f04_avl_rotate_right,p09,p09_f04_avl_rotate_right,p09_f04_avl_rotate_right,QUERY_REUSED,YES,NO
p09_reuse025,dev,p09_f14_avl_count,p09,p09_f14_avl_count,p09_f14_avl_count,QUERY_REUSED,YES,NO
p09_reuse025,dev,p11_f02_fp_to_int,p11,p11_f02_fp_to_int,p11_f02_fp_to_int,DONOR,YES,NO
p09_reuse025,dev,p11_f03_fp_add,p11,p11_f03_fp_add,p11_f03_fp_add,DONOR,YES,NO
p09_reuse025,dev,p11_f04_fp_sub,p11,p11_f04_fp_sub,p11_f04_fp_sub,DONOR,YES,NO
p09_reuse025,dev,p11_f05_fp_mul,p11,p11_f05_fp_mul,p11_f05_fp_mul,DONOR,YES,NO
p09_reuse025,dev,p11_f06_fp_div,p11,p11_f06_fp_div,p11_f06_fp_div,DONOR,YES,NO
p09_reuse025,dev,p11_f07_fp_abs,p11,p11_f07_fp_abs,p11_f07_fp_abs,DONOR,YES,NO
p09_reuse025,dev,p11_f09_fp_exp_taylor,p11,p11_f09_fp_exp_taylor,p11_f09_fp_exp_taylor,DONOR,YES,NO
p09_reuse025,dev,p11_f10_fp_ln_approx,p11,p11_f10_fp_ln_approx,p11_f10_fp_ln_approx,DONOR,YES,NO
p09_reuse025,dev,p11_f12_fp_cos_cordic,p11,p11_f12_fp_cos_cordic,p11_f12_fp_cos_cordic,DONOR,YES,NO
p09_reuse025,dev,p11_f14_fp_lerp,p11,p11_f14_fp_lerp,p11_f14_fp_lerp,DONOR,YES,NO
p09_reuse025,dev,p11_f15_fp_clamp,p11,p11_f15_fp_clamp,p11_f15_fp_clamp,DONOR,YES,NO
p09_reuse025,dev,p11_f16_fp_poly_eval,p11,p11_f16_fp_poly_eval,p11_f16_fp_poly_eval,DONOR,YES,NO
p09_reuse050,dev,p09_f02_avl_height,p09,p09_f02_avl_height,p09_f02_avl_height,QUERY_REUSED,YES,NO
p09_reuse050,dev,p09_f04_avl_rotate_right,p09,p09_f04_avl_rotate_right,p09_f04_avl_rotate_right,QUERY_REUSED,YES,NO
p09_reuse050,dev,p09_f05_avl_rotate_left,p09,p09_f05_avl_rotate_left,p09_f05_avl_rotate_left,QUERY_REUSED,YES,NO
p09_reuse050,dev,p09_f08_avl_min_node,p09,p09_f08_avl_min_node,p09_f08_avl_min_node,QUERY_REUSED,YES,NO
p09_reuse050,dev,p09_f11_avl_search,p09,p09_f11_avl_search,p09_f11_avl_search,QUERY_REUSED,YES,NO
p09_reuse050,dev,p09_f13_avl_preorder,p09,p09_f13_avl_preorder,p09_f13_avl_preorder,QUERY_REUSED,YES,NO
p09_reuse050,dev,p09_f14_avl_count,p09,p09_f14_avl_count,p09_f14_avl_count,QUERY_REUSED,YES,NO
p09_reuse050,dev,p09_f16_avl_clear,p09,p09_f16_avl_clear,p09_f16_avl_clear,QUERY_REUSED,YES,NO
p09_reuse050,dev,p11_f02_fp_to_int,p11,p11_f02_fp_to_int,p11_f02_fp_to_int,DONOR,YES,NO
p09_reuse050,dev,p11_f03_fp_add,p11,p11_f03_fp_add,p11_f03_fp_add,DONOR,YES,NO
p09_reuse050,dev,p11_f04_fp_sub,p11,p11_f04_fp_sub,p11_f04_fp_sub,DONOR,YES,NO
p09_reuse050,dev,p11_f05_fp_mul,p11,p11_f05_fp_mul,p11_f05_fp_mul,DONOR,YES,NO
p09_reuse050,dev,p11_f06_fp_div,p11,p11_f06_fp_div,p11_f06_fp_div,DONOR,YES,NO
p09_reuse050,dev,p11_f07_fp_abs,p11,p11_f07_fp_abs,p11_f07_fp_abs,DONOR,YES,NO
p09_reuse050,dev,p11_f11_fp_sin_cordic,p11,p11_f11_fp_sin_cordic,p11_f11_fp_sin_cordic,DONOR,YES,NO
p09_reuse050,dev,p11_f15_fp_clamp,p11,p11_f15_fp_clamp,p11_f15_fp_clamp,DONOR,YES,NO
p09_reuse075,dev,p09_f02_avl_height,p09,p09_f02_avl_height,p09_f02_avl_height,QUERY_REUSED,YES,NO
p09_reuse075,dev,p09_f03_avl_balance_factor,p09,p09_f03_avl_balance_factor,p09_f03_avl_balance_factor,QUERY_REUSED,YES,NO
p09_reuse075,dev,p09_f04_avl_rotate_right,p09,p09_f04_avl_rotate_right,p09_f04_avl_rotate_right,QUERY_REUSED,YES,NO
p09_reuse075,dev,p09_f05_avl_rotate_left,p09,p09_f05_avl_rotate_left,p09_f05_avl_rotate_left,QUERY_REUSED,YES,NO
p09_reuse075,dev,p09_f06_avl_insert_internal,p09,p09_f06_avl_insert_internal,p09_f06_avl_insert_internal,QUERY_REUSED,YES,NO
p09_reuse075,dev,p09_f07_avl_insert,p09,p09_f07_avl_insert,p09_f07_avl_insert,QUERY_REUSED,YES,NO
p09_reuse075,dev,p09_f08_avl_min_node,p09,p09_f08_avl_min_node,p09_f08_avl_min_node,QUERY_REUSED,YES,NO
p09_reuse075,dev,p09_f09_avl_delete_internal,p09,p09_f09_avl_delete_internal,p09_f09_avl_delete_internal,QUERY_REUSED,YES,NO
p09_reuse075,dev,p09_f10_avl_delete,p09,p09_f10_avl_delete,p09_f10_avl_delete,QUERY_REUSED,YES,NO
p09_reuse075,dev,p09_f12_avl_inorder,p09,p09_f12_avl_inorder,p09_f12_avl_inorder,QUERY_REUSED,YES,NO
p09_reuse075,dev,p09_f13_avl_preorder,p09,p09_f13_avl_preorder,p09_f13_avl_preorder,QUERY_REUSED,YES,NO
p09_reuse075,dev,p09_f15_avl_is_balanced,p09,p09_f15_avl_is_balanced,p09_f15_avl_is_balanced,QUERY_REUSED,YES,NO
p09_reuse075,dev,p11_f06_fp_div,p11,p11_f06_fp_div,p11_f06_fp_div,DONOR,YES,NO
p09_reuse075,dev,p11_f07_fp_abs,p11,p11_f07_fp_abs,p11_f07_fp_abs,DONOR,YES,NO
p09_reuse075,dev,p11_f11_fp_sin_cordic,p11,p11_f11_fp_sin_cordic,p11_f11_fp_sin_cordic,DONOR,YES,NO
p09_reuse075,dev,p11_f12_fp_cos_cordic,p11,p11_f12_fp_cos_cordic,p11_f12_fp_cos_cordic,DONOR,YES,NO
p09_reuse100,dev,p09_f01_avl_init,p09,p09_f01_avl_init,p09_f01_avl_init,QUERY_REUSED,YES,NO
p09_reuse100,dev,p09_f02_avl_height,p09,p09_f02_avl_height,p09_f02_avl_height,QUERY_REUSED,YES,NO
p09_reuse100,dev,p09_f03_avl_balance_factor,p09,p09_f03_avl_balance_factor,p09_f03_avl_balance_factor,QUERY_REUSED,YES,NO
p09_reuse100,dev,p09_f04_avl_rotate_right,p09,p09_f04_avl_rotate_right,p09_f04_avl_rotate_right,QUERY_REUSED,YES,NO
p09_reuse100,dev,p09_f05_avl_rotate_left,p09,p09_f05_avl_rotate_left,p09_f05_avl_rotate_left,QUERY_REUSED,YES,NO
p09_reuse100,dev,p09_f06_avl_insert_internal,p09,p09_f06_avl_insert_internal,p09_f06_avl_insert_internal,QUERY_REUSED,YES,NO
p09_reuse100,dev,p09_f07_avl_insert,p09,p09_f07_avl_insert,p09_f07_avl_insert,QUERY_REUSED,YES,NO
p09_reuse100,dev,p09_f08_avl_min_node,p09,p09_f08_avl_min_node,p09_f08_avl_min_node,QUERY_REUSED,YES,NO
p09_reuse100,dev,p09_f09_avl_delete_internal,p09,p09_f09_avl_delete_internal,p09_f09_avl_delete_internal,QUERY_REUSED,YES,NO
p09_reuse100,dev,p09_f10_avl_delete,p09,p09_f10_avl_delete,p09_f10_avl_delete,QUERY_REUSED,YES,NO
p09_reuse100,dev,p09_f11_avl_search,p09,p09_f11_avl_search,p09_f11_avl_search,QUERY_REUSED,YES,NO
p09_reuse100,dev,p09_f12_avl_inorder,p09,p09_f12_avl_inorder,p09_f12_avl_inorder,QUERY_REUSED,YES,NO
p09_reuse100,dev,p09_f13_avl_preorder,p09,p09_f13_avl_preorder,p09_f13_avl_preorder,QUERY_REUSED,YES,NO
p09_reuse100,dev,p09_f14_avl_count,p09,p09_f14_avl_count,p09_f14_avl_count,QUERY_REUSED,YES,NO
p09_reuse100,dev,p09_f15_avl_is_balanced,p09,p09_f15_avl_is_balanced,p09_f15_avl_is_balanced,QUERY_REUSED,YES,NO
p09_reuse100,dev,p09_f16_avl_clear,p09,p09_f16_avl_clear,p09_f16_avl_clear,QUERY_REUSED,YES,NO
p10_reuse000,dev,p12_f01_dag_init,p12,p12_f01_dag_init,p12_f01_dag_init,DONOR,YES,NO
p10_reuse000,dev,p12_f02_dag_add_edge,p12,p12_f02_dag_add_edge,p12_f02_dag_add_edge,DONOR,YES,NO
p10_reuse000,dev,p12_f03_dag_compute_indegrees,p12,p12_f03_dag_compute_indegrees,p12_f03_dag_compute_indegrees,DONOR,YES,NO
p10_reuse000,dev,p12_f04_dag_compute_outdegrees,p12,p12_f04_dag_compute_outdegrees,p12_f04_dag_compute_outdegrees,DONOR,YES,NO
p10_reuse000,dev,p12_f05_dag_kahn_toposort,p12,p12_f05_dag_kahn_toposort,p12_f05_dag_kahn_toposort,DONOR,YES,NO
p10_reuse000,dev,p12_f06_dag_has_cycle,p12,p12_f06_dag_has_cycle,p12_f06_dag_has_cycle,DONOR,YES,NO
p10_reuse000,dev,p12_f07_dag_longest_path,p12,p12_f07_dag_longest_path,p12_f07_dag_longest_path,DONOR,YES,NO
p10_reuse000,dev,p12_f08_dag_shortest_path,p12,p12_f08_dag_shortest_path,p12_f08_dag_shortest_path,DONOR,YES,NO
p10_reuse000,dev,p12_f09_dag_count_ancestors,p12,p12_f09_dag_count_ancestors,p12_f09_dag_count_ancestors,DONOR,YES,NO
p10_reuse000,dev,p12_f10_dag_count_descendants,p12,p12_f10_dag_count_descendants,p12_f10_dag_count_descendants,DONOR,YES,NO
p10_reuse000,dev,p12_f11_dag_assign_levels,p12,p12_f11_dag_assign_levels,p12_f11_dag_assign_levels,DONOR,YES,NO
p10_reuse000,dev,p12_f12_dag_transitive_reduction,p12,p12_f12_dag_transitive_reduction,p12_f12_dag_transitive_reduction,DONOR,YES,NO
p10_reuse000,dev,p12_f13_dag_find_sources,p12,p12_f13_dag_find_sources,p12_f13_dag_find_sources,DONOR,YES,NO
p10_reuse000,dev,p12_f14_dag_find_sinks,p12,p12_f14_dag_find_sinks,p12_f14_dag_find_sinks,DONOR,YES,NO
p10_reuse000,dev,p12_f15_dag_is_reachable,p12,p12_f15_dag_is_reachable,p12_f15_dag_is_reachable,DONOR,YES,NO
p10_reuse000,dev,p12_f16_dag_clear,p12,p12_f16_dag_clear,p12_f16_dag_clear,DONOR,YES,NO
p10_reuse025,dev,p10_f01_nfa_init,p10,p10_f01_nfa_init,p10_f01_nfa_init,QUERY_REUSED,YES,NO
p10_reuse025,dev,p10_f04_nfa_set_match,p10,p10_f04_nfa_set_match,p10_f04_nfa_set_match,QUERY_REUSED,YES,NO
p10_reuse025,dev,p10_f06_nfa_concat,p10,p10_f06_nfa_concat,p10_f06_nfa_concat,QUERY_REUSED,YES,NO
p10_reuse025,dev,p10_f11_nfa_epsilon_closure,p10,p10_f11_nfa_epsilon_closure,p10_f11_nfa_epsilon_closure,QUERY_REUSED,YES,NO
p10_reuse025,dev,p12_f01_dag_init,p12,p12_f01_dag_init,p12_f01_dag_init,DONOR,YES,NO
p10_reuse025,dev,p12_f02_dag_add_edge,p12,p12_f02_dag_add_edge,p12_f02_dag_add_edge,DONOR,YES,NO
p10_reuse025,dev,p12_f03_dag_compute_indegrees,p12,p12_f03_dag_compute_indegrees,p12_f03_dag_compute_indegrees,DONOR,YES,NO
p10_reuse025,dev,p12_f04_dag_compute_outdegrees,p12,p12_f04_dag_compute_outdegrees,p12_f04_dag_compute_outdegrees,DONOR,YES,NO
p10_reuse025,dev,p12_f05_dag_kahn_toposort,p12,p12_f05_dag_kahn_toposort,p12_f05_dag_kahn_toposort,DONOR,YES,NO
p10_reuse025,dev,p12_f06_dag_has_cycle,p12,p12_f06_dag_has_cycle,p12_f06_dag_has_cycle,DONOR,YES,NO
p10_reuse025,dev,p12_f07_dag_longest_path,p12,p12_f07_dag_longest_path,p12_f07_dag_longest_path,DONOR,YES,NO
p10_reuse025,dev,p12_f09_dag_count_ancestors,p12,p12_f09_dag_count_ancestors,p12_f09_dag_count_ancestors,DONOR,YES,NO
p10_reuse025,dev,p12_f13_dag_find_sources,p12,p12_f13_dag_find_sources,p12_f13_dag_find_sources,DONOR,YES,NO
p10_reuse025,dev,p12_f14_dag_find_sinks,p12,p12_f14_dag_find_sinks,p12_f14_dag_find_sinks,DONOR,YES,NO
p10_reuse025,dev,p12_f15_dag_is_reachable,p12,p12_f15_dag_is_reachable,p12_f15_dag_is_reachable,DONOR,YES,NO
p10_reuse025,dev,p12_f16_dag_clear,p12,p12_f16_dag_clear,p12_f16_dag_clear,DONOR,YES,NO
p10_reuse050,dev,p10_f01_nfa_init,p10,p10_f01_nfa_init,p10_f01_nfa_init,QUERY_REUSED,YES,NO
p10_reuse050,dev,p10_f02_nfa_add_state,p10,p10_f02_nfa_add_state,p10_f02_nfa_add_state,QUERY_REUSED,YES,NO
p10_reuse050,dev,p10_f03_nfa_set_transition,p10,p10_f03_nfa_set_transition,p10_f03_nfa_set_transition,QUERY_REUSED,YES,NO
p10_reuse050,dev,p10_f04_nfa_set_match,p10,p10_f04_nfa_set_match,p10_f04_nfa_set_match,QUERY_REUSED,YES,NO
p10_reuse050,dev,p10_f06_nfa_concat,p10,p10_f06_nfa_concat,p10_f06_nfa_concat,QUERY_REUSED,YES,NO
p10_reuse050,dev,p10_f07_nfa_alternate,p10,p10_f07_nfa_alternate,p10_f07_nfa_alternate,QUERY_REUSED,YES,NO
p10_reuse050,dev,p10_f15_nfa_active_count,p10,p10_f15_nfa_active_count,p10_f15_nfa_active_count,QUERY_REUSED,YES,NO
p10_reuse050,dev,p10_f16_nfa_reset,p10,p10_f16_nfa_reset,p10_f16_nfa_reset,QUERY_REUSED,YES,NO
p10_reuse050,dev,p12_f01_dag_init,p12,p12_f01_dag_init,p12_f01_dag_init,DONOR,YES,NO
p10_reuse050,dev,p12_f02_dag_add_edge,p12,p12_f02_dag_add_edge,p12_f02_dag_add_edge,DONOR,YES,NO
p10_reuse050,dev,p12_f03_dag_compute_indegrees,p12,p12_f03_dag_compute_indegrees,p12_f03_dag_compute_indegrees,DONOR,YES,NO
p10_reuse050,dev,p12_f04_dag_compute_outdegrees,p12,p12_f04_dag_compute_outdegrees,p12_f04_dag_compute_outdegrees,DONOR,YES,NO
p10_reuse050,dev,p12_f05_dag_kahn_toposort,p12,p12_f05_dag_kahn_toposort,p12_f05_dag_kahn_toposort,DONOR,YES,NO
p10_reuse050,dev,p12_f08_dag_shortest_path,p12,p12_f08_dag_shortest_path,p12_f08_dag_shortest_path,DONOR,YES,NO
p10_reuse050,dev,p12_f13_dag_find_sources,p12,p12_f13_dag_find_sources,p12_f13_dag_find_sources,DONOR,YES,NO
p10_reuse050,dev,p12_f15_dag_is_reachable,p12,p12_f15_dag_is_reachable,p12_f15_dag_is_reachable,DONOR,YES,NO
p10_reuse075,dev,p10_f01_nfa_init,p10,p10_f01_nfa_init,p10_f01_nfa_init,QUERY_REUSED,YES,NO
p10_reuse075,dev,p10_f02_nfa_add_state,p10,p10_f02_nfa_add_state,p10_f02_nfa_add_state,QUERY_REUSED,YES,NO
p10_reuse075,dev,p10_f03_nfa_set_transition,p10,p10_f03_nfa_set_transition,p10_f03_nfa_set_transition,QUERY_REUSED,YES,NO
p10_reuse075,dev,p10_f04_nfa_set_match,p10,p10_f04_nfa_set_match,p10_f04_nfa_set_match,QUERY_REUSED,YES,NO
p10_reuse075,dev,p10_f05_nfa_create_literal,p10,p10_f05_nfa_create_literal,p10_f05_nfa_create_literal,QUERY_REUSED,YES,NO
p10_reuse075,dev,p10_f06_nfa_concat,p10,p10_f06_nfa_concat,p10_f06_nfa_concat,QUERY_REUSED,YES,NO
p10_reuse075,dev,p10_f08_nfa_star,p10,p10_f08_nfa_star,p10_f08_nfa_star,QUERY_REUSED,YES,NO
p10_reuse075,dev,p10_f11_nfa_epsilon_closure,p10,p10_f11_nfa_epsilon_closure,p10_f11_nfa_epsilon_closure,QUERY_REUSED,YES,NO
p10_reuse075,dev,p10_f12_nfa_step,p10,p10_f12_nfa_step,p10_f12_nfa_step,QUERY_REUSED,YES,NO
p10_reuse075,dev,p10_f13_nfa_simulate,p10,p10_f13_nfa_simulate,p10_f13_nfa_simulate,QUERY_REUSED,YES,NO
p10_reuse075,dev,p10_f14_nfa_match_prefix,p10,p10_f14_nfa_match_prefix,p10_f14_nfa_match_prefix,QUERY_REUSED,YES,NO
p10_reuse075,dev,p10_f16_nfa_reset,p10,p10_f16_nfa_reset,p10_f16_nfa_reset,QUERY_REUSED,YES,NO
p10_reuse075,dev,p12_f01_dag_init,p12,p12_f01_dag_init,p12_f01_dag_init,DONOR,YES,NO
p10_reuse075,dev,p12_f03_dag_compute_indegrees,p12,p12_f03_dag_compute_indegrees,p12_f03_dag_compute_indegrees,DONOR,YES,NO
p10_reuse075,dev,p12_f05_dag_kahn_toposort,p12,p12_f05_dag_kahn_toposort,p12_f05_dag_kahn_toposort,DONOR,YES,NO
p10_reuse075,dev,p12_f11_dag_assign_levels,p12,p12_f11_dag_assign_levels,p12_f11_dag_assign_levels,DONOR,YES,NO
p10_reuse100,dev,p10_f01_nfa_init,p10,p10_f01_nfa_init,p10_f01_nfa_init,QUERY_REUSED,YES,NO
p10_reuse100,dev,p10_f02_nfa_add_state,p10,p10_f02_nfa_add_state,p10_f02_nfa_add_state,QUERY_REUSED,YES,NO
p10_reuse100,dev,p10_f03_nfa_set_transition,p10,p10_f03_nfa_set_transition,p10_f03_nfa_set_transition,QUERY_REUSED,YES,NO
p10_reuse100,dev,p10_f04_nfa_set_match,p10,p10_f04_nfa_set_match,p10_f04_nfa_set_match,QUERY_REUSED,YES,NO
p10_reuse100,dev,p10_f05_nfa_create_literal,p10,p10_f05_nfa_create_literal,p10_f05_nfa_create_literal,QUERY_REUSED,YES,NO
p10_reuse100,dev,p10_f06_nfa_concat,p10,p10_f06_nfa_concat,p10_f06_nfa_concat,QUERY_REUSED,YES,NO
p10_reuse100,dev,p10_f07_nfa_alternate,p10,p10_f07_nfa_alternate,p10_f07_nfa_alternate,QUERY_REUSED,YES,NO
p10_reuse100,dev,p10_f08_nfa_star,p10,p10_f08_nfa_star,p10_f08_nfa_star,QUERY_REUSED,YES,NO
p10_reuse100,dev,p10_f09_nfa_plus,p10,p10_f09_nfa_plus,p10_f09_nfa_plus,QUERY_REUSED,YES,NO
p10_reuse100,dev,p10_f10_nfa_optional,p10,p10_f10_nfa_optional,p10_f10_nfa_optional,QUERY_REUSED,YES,NO
p10_reuse100,dev,p10_f11_nfa_epsilon_closure,p10,p10_f11_nfa_epsilon_closure,p10_f11_nfa_epsilon_closure,QUERY_REUSED,YES,NO
p10_reuse100,dev,p10_f12_nfa_step,p10,p10_f12_nfa_step,p10_f12_nfa_step,QUERY_REUSED,YES,NO
p10_reuse100,dev,p10_f13_nfa_simulate,p10,p10_f13_nfa_simulate,p10_f13_nfa_simulate,QUERY_REUSED,YES,NO
p10_reuse100,dev,p10_f14_nfa_match_prefix,p10,p10_f14_nfa_match_prefix,p10_f14_nfa_match_prefix,QUERY_REUSED,YES,NO
p10_reuse100,dev,p10_f15_nfa_active_count,p10,p10_f15_nfa_active_count,p10_f15_nfa_active_count,QUERY_REUSED,YES,NO
p10_reuse100,dev,p10_f16_nfa_reset,p10,p10_f16_nfa_reset,p10_f16_nfa_reset,QUERY_REUSED,YES,NO
p11_reuse000,dev,p13_f01_slip_encode,p13,p13_f01_slip_encode,p13_f01_slip_encode,DONOR,YES,NO
p11_reuse000,dev,p13_f02_slip_decode,p13,p13_f02_slip_decode,p13_f02_slip_decode,DONOR,YES,NO
p11_reuse000,dev,p13_f03_cobs_encode,p13,p13_f03_cobs_encode,p13_f03_cobs_encode,DONOR,YES,NO
p11_reuse000,dev,p13_f04_cobs_decode,p13,p13_f04_cobs_decode,p13_f04_cobs_decode,DONOR,YES,NO
p11_reuse000,dev,p13_f05_fcs16_compute,p13,p13_f05_fcs16_compute,p13_f05_fcs16_compute,DONOR,YES,NO
p11_reuse000,dev,p13_f06_fcs16_verify,p13,p13_f06_fcs16_verify,p13_f06_fcs16_verify,DONOR,YES,NO
p11_reuse000,dev,p13_f07_pack_header,p13,p13_f07_pack_header,p13_f07_pack_header,DONOR,YES,NO
p11_reuse000,dev,p13_f08_unpack_header,p13,p13_f08_unpack_header,p13_f08_unpack_header,DONOR,YES,NO
p11_reuse000,dev,p13_f09_bit_stuff_encode,p13,p13_f09_bit_stuff_encode,p13_f09_bit_stuff_encode,DONOR,YES,NO
p11_reuse000,dev,p13_f10_bit_stuff_decode,p13,p13_f10_bit_stuff_decode,p13_f10_bit_stuff_decode,DONOR,YES,NO
p11_reuse000,dev,p13_f11_frame_checksum_valid,p13,p13_f11_frame_checksum_valid,p13_f11_frame_checksum_valid,DONOR,YES,NO
p11_reuse000,dev,p13_f12_byte_swap16,p13,p13_f12_byte_swap16,p13_f12_byte_swap16,DONOR,YES,NO
p11_reuse000,dev,p13_f13_byte_swap32,p13,p13_f13_byte_swap32,p13_f13_byte_swap32,DONOR,YES,NO
p11_reuse000,dev,p13_f14_parse_tlv_field,p13,p13_f14_parse_tlv_field,p13_f14_parse_tlv_field,DONOR,YES,NO
p11_reuse000,dev,p13_f15_frame_buf_append,p13,p13_f15_frame_buf_append,p13_f15_frame_buf_append,DONOR,YES,NO
p11_reuse000,dev,p13_f16_frame_buf_reset,p13,p13_f16_frame_buf_reset,p13_f16_frame_buf_reset,DONOR,YES,NO
p11_reuse025,dev,p11_f01_fp_from_int,p11,p11_f01_fp_from_int,p11_f01_fp_from_int,QUERY_REUSED,YES,NO
p11_reuse025,dev,p11_f04_fp_sub,p11,p11_f04_fp_sub,p11_f04_fp_sub,QUERY_REUSED,YES,NO
p11_reuse025,dev,p11_f12_fp_cos_cordic,p11,p11_f12_fp_cos_cordic,p11_f12_fp_cos_cordic,QUERY_REUSED,YES,NO
p11_reuse025,dev,p11_f15_fp_clamp,p11,p11_f15_fp_clamp,p11_f15_fp_clamp,QUERY_REUSED,YES,NO
p11_reuse025,dev,p13_f01_slip_encode,p13,p13_f01_slip_encode,p13_f01_slip_encode,DONOR,YES,NO
p11_reuse025,dev,p13_f02_slip_decode,p13,p13_f02_slip_decode,p13_f02_slip_decode,DONOR,YES,NO
p11_reuse025,dev,p13_f03_cobs_encode,p13,p13_f03_cobs_encode,p13_f03_cobs_encode,DONOR,YES,NO
p11_reuse025,dev,p13_f04_cobs_decode,p13,p13_f04_cobs_decode,p13_f04_cobs_decode,DONOR,YES,NO
p11_reuse025,dev,p13_f05_fcs16_compute,p13,p13_f05_fcs16_compute,p13_f05_fcs16_compute,DONOR,YES,NO
p11_reuse025,dev,p13_f09_bit_stuff_encode,p13,p13_f09_bit_stuff_encode,p13_f09_bit_stuff_encode,DONOR,YES,NO
p11_reuse025,dev,p13_f10_bit_stuff_decode,p13,p13_f10_bit_stuff_decode,p13_f10_bit_stuff_decode,DONOR,YES,NO
p11_reuse025,dev,p13_f12_byte_swap16,p13,p13_f12_byte_swap16,p13_f12_byte_swap16,DONOR,YES,NO
p11_reuse025,dev,p13_f13_byte_swap32,p13,p13_f13_byte_swap32,p13_f13_byte_swap32,DONOR,YES,NO
p11_reuse025,dev,p13_f14_parse_tlv_field,p13,p13_f14_parse_tlv_field,p13_f14_parse_tlv_field,DONOR,YES,NO
p11_reuse025,dev,p13_f15_frame_buf_append,p13,p13_f15_frame_buf_append,p13_f15_frame_buf_append,DONOR,YES,NO
p11_reuse025,dev,p13_f16_frame_buf_reset,p13,p13_f16_frame_buf_reset,p13_f16_frame_buf_reset,DONOR,YES,NO
p11_reuse050,dev,p11_f02_fp_to_int,p11,p11_f02_fp_to_int,p11_f02_fp_to_int,QUERY_REUSED,YES,NO
p11_reuse050,dev,p11_f03_fp_add,p11,p11_f03_fp_add,p11_f03_fp_add,QUERY_REUSED,YES,NO
p11_reuse050,dev,p11_f04_fp_sub,p11,p11_f04_fp_sub,p11_f04_fp_sub,QUERY_REUSED,YES,NO
p11_reuse050,dev,p11_f05_fp_mul,p11,p11_f05_fp_mul,p11_f05_fp_mul,QUERY_REUSED,YES,NO
p11_reuse050,dev,p11_f06_fp_div,p11,p11_f06_fp_div,p11_f06_fp_div,QUERY_REUSED,YES,NO
p11_reuse050,dev,p11_f07_fp_abs,p11,p11_f07_fp_abs,p11_f07_fp_abs,QUERY_REUSED,YES,NO
p11_reuse050,dev,p11_f08_fp_sqrt,p11,p11_f08_fp_sqrt,p11_f08_fp_sqrt,QUERY_REUSED,YES,NO
p11_reuse050,dev,p11_f14_fp_lerp,p11,p11_f14_fp_lerp,p11_f14_fp_lerp,QUERY_REUSED,YES,NO
p11_reuse050,dev,p13_f01_slip_encode,p13,p13_f01_slip_encode,p13_f01_slip_encode,DONOR,YES,NO
p11_reuse050,dev,p13_f02_slip_decode,p13,p13_f02_slip_decode,p13_f02_slip_decode,DONOR,YES,NO
p11_reuse050,dev,p13_f03_cobs_encode,p13,p13_f03_cobs_encode,p13_f03_cobs_encode,DONOR,YES,NO
p11_reuse050,dev,p13_f05_fcs16_compute,p13,p13_f05_fcs16_compute,p13_f05_fcs16_compute,DONOR,YES,NO
p11_reuse050,dev,p13_f10_bit_stuff_decode,p13,p13_f10_bit_stuff_decode,p13_f10_bit_stuff_decode,DONOR,YES,NO
p11_reuse050,dev,p13_f12_byte_swap16,p13,p13_f12_byte_swap16,p13_f12_byte_swap16,DONOR,YES,NO
p11_reuse050,dev,p13_f14_parse_tlv_field,p13,p13_f14_parse_tlv_field,p13_f14_parse_tlv_field,DONOR,YES,NO
p11_reuse050,dev,p13_f15_frame_buf_append,p13,p13_f15_frame_buf_append,p13_f15_frame_buf_append,DONOR,YES,NO
p11_reuse075,dev,p11_f01_fp_from_int,p11,p11_f01_fp_from_int,p11_f01_fp_from_int,QUERY_REUSED,YES,NO
p11_reuse075,dev,p11_f03_fp_add,p11,p11_f03_fp_add,p11_f03_fp_add,QUERY_REUSED,YES,NO
p11_reuse075,dev,p11_f04_fp_sub,p11,p11_f04_fp_sub,p11_f04_fp_sub,QUERY_REUSED,YES,NO
p11_reuse075,dev,p11_f05_fp_mul,p11,p11_f05_fp_mul,p11_f05_fp_mul,QUERY_REUSED,YES,NO
p11_reuse075,dev,p11_f06_fp_div,p11,p11_f06_fp_div,p11_f06_fp_div,QUERY_REUSED,YES,NO
p11_reuse075,dev,p11_f07_fp_abs,p11,p11_f07_fp_abs,p11_f07_fp_abs,QUERY_REUSED,YES,NO
p11_reuse075,dev,p11_f09_fp_exp_taylor,p11,p11_f09_fp_exp_taylor,p11_f09_fp_exp_taylor,QUERY_REUSED,YES,NO
p11_reuse075,dev,p11_f11_fp_sin_cordic,p11,p11_f11_fp_sin_cordic,p11_f11_fp_sin_cordic,QUERY_REUSED,YES,NO
p11_reuse075,dev,p11_f13_fp_atan2_cordic,p11,p11_f13_fp_atan2_cordic,p11_f13_fp_atan2_cordic,QUERY_REUSED,YES,NO
p11_reuse075,dev,p11_f14_fp_lerp,p11,p11_f14_fp_lerp,p11_f14_fp_lerp,QUERY_REUSED,YES,NO
p11_reuse075,dev,p11_f15_fp_clamp,p11,p11_f15_fp_clamp,p11_f15_fp_clamp,QUERY_REUSED,YES,NO
p11_reuse075,dev,p11_f16_fp_poly_eval,p11,p11_f16_fp_poly_eval,p11_f16_fp_poly_eval,QUERY_REUSED,YES,NO
p11_reuse075,dev,p13_f02_slip_decode,p13,p13_f02_slip_decode,p13_f02_slip_decode,DONOR,YES,NO
p11_reuse075,dev,p13_f03_cobs_encode,p13,p13_f03_cobs_encode,p13_f03_cobs_encode,DONOR,YES,NO
p11_reuse075,dev,p13_f13_byte_swap32,p13,p13_f13_byte_swap32,p13_f13_byte_swap32,DONOR,YES,NO
p11_reuse075,dev,p13_f14_parse_tlv_field,p13,p13_f14_parse_tlv_field,p13_f14_parse_tlv_field,DONOR,YES,NO
p11_reuse100,dev,p11_f01_fp_from_int,p11,p11_f01_fp_from_int,p11_f01_fp_from_int,QUERY_REUSED,YES,NO
p11_reuse100,dev,p11_f02_fp_to_int,p11,p11_f02_fp_to_int,p11_f02_fp_to_int,QUERY_REUSED,YES,NO
p11_reuse100,dev,p11_f03_fp_add,p11,p11_f03_fp_add,p11_f03_fp_add,QUERY_REUSED,YES,NO
p11_reuse100,dev,p11_f04_fp_sub,p11,p11_f04_fp_sub,p11_f04_fp_sub,QUERY_REUSED,YES,NO
p11_reuse100,dev,p11_f05_fp_mul,p11,p11_f05_fp_mul,p11_f05_fp_mul,QUERY_REUSED,YES,NO
p11_reuse100,dev,p11_f06_fp_div,p11,p11_f06_fp_div,p11_f06_fp_div,QUERY_REUSED,YES,NO
p11_reuse100,dev,p11_f07_fp_abs,p11,p11_f07_fp_abs,p11_f07_fp_abs,QUERY_REUSED,YES,NO
p11_reuse100,dev,p11_f08_fp_sqrt,p11,p11_f08_fp_sqrt,p11_f08_fp_sqrt,QUERY_REUSED,YES,NO
p11_reuse100,dev,p11_f09_fp_exp_taylor,p11,p11_f09_fp_exp_taylor,p11_f09_fp_exp_taylor,QUERY_REUSED,YES,NO
p11_reuse100,dev,p11_f10_fp_ln_approx,p11,p11_f10_fp_ln_approx,p11_f10_fp_ln_approx,QUERY_REUSED,YES,NO
p11_reuse100,dev,p11_f11_fp_sin_cordic,p11,p11_f11_fp_sin_cordic,p11_f11_fp_sin_cordic,QUERY_REUSED,YES,NO
p11_reuse100,dev,p11_f12_fp_cos_cordic,p11,p11_f12_fp_cos_cordic,p11_f12_fp_cos_cordic,QUERY_REUSED,YES,NO
p11_reuse100,dev,p11_f13_fp_atan2_cordic,p11,p11_f13_fp_atan2_cordic,p11_f13_fp_atan2_cordic,QUERY_REUSED,YES,NO
p11_reuse100,dev,p11_f14_fp_lerp,p11,p11_f14_fp_lerp,p11_f14_fp_lerp,QUERY_REUSED,YES,NO
p11_reuse100,dev,p11_f15_fp_clamp,p11,p11_f15_fp_clamp,p11_f15_fp_clamp,QUERY_REUSED,YES,NO
p11_reuse100,dev,p11_f16_fp_poly_eval,p11,p11_f16_fp_poly_eval,p11_f16_fp_poly_eval,QUERY_REUSED,YES,NO
p12_reuse000,dev,p14_f01_bm_init,p14,p14_f01_bm_init,p14_f01_bm_init,DONOR,YES,NO
p12_reuse000,dev,p14_f02_bm_set_bit,p14,p14_f02_bm_set_bit,p14_f02_bm_set_bit,DONOR,YES,NO
p12_reuse000,dev,p14_f03_bm_clear_bit,p14,p14_f03_bm_clear_bit,p14_f03_bm_clear_bit,DONOR,YES,NO
p12_reuse000,dev,p14_f04_bm_test_bit,p14,p14_f04_bm_test_bit,p14_f04_bm_test_bit,DONOR,YES,NO
p12_reuse000,dev,p14_f05_bm_toggle_bit,p14,p14_f05_bm_toggle_bit,p14_f05_bm_toggle_bit,DONOR,YES,NO
p12_reuse000,dev,p14_f06_bm_popcount,p14,p14_f06_bm_popcount,p14_f06_bm_popcount,DONOR,YES,NO
p12_reuse000,dev,p14_f07_bm_find_first_set,p14,p14_f07_bm_find_first_set,p14_f07_bm_find_first_set,DONOR,YES,NO
p12_reuse000,dev,p14_f08_bm_find_first_zero,p14,p14_f08_bm_find_first_zero,p14_f08_bm_find_first_zero,DONOR,YES,NO
p12_reuse000,dev,p14_f09_bm_find_next_set,p14,p14_f09_bm_find_next_set,p14_f09_bm_find_next_set,DONOR,YES,NO
p12_reuse000,dev,p14_f10_bm_bitwise_and,p14,p14_f10_bm_bitwise_and,p14_f10_bm_bitwise_and,DONOR,YES,NO
p12_reuse000,dev,p14_f11_bm_bitwise_or,p14,p14_f11_bm_bitwise_or,p14_f11_bm_bitwise_or,DONOR,YES,NO
p12_reuse000,dev,p14_f12_bm_bitwise_xor,p14,p14_f12_bm_bitwise_xor,p14_f12_bm_bitwise_xor,DONOR,YES,NO
p12_reuse000,dev,p14_f13_bm_bitwise_not,p14,p14_f13_bm_bitwise_not,p14_f13_bm_bitwise_not,DONOR,YES,NO
p12_reuse000,dev,p14_f14_bm_fill_range,p14,p14_f14_bm_fill_range,p14_f14_bm_fill_range,DONOR,YES,NO
p12_reuse000,dev,p14_f15_bm_clear_range,p14,p14_f15_bm_clear_range,p14_f15_bm_clear_range,DONOR,YES,NO
p12_reuse000,dev,p14_f16_bm_jaccard_similarity,p14,p14_f16_bm_jaccard_similarity,p14_f16_bm_jaccard_similarity,DONOR,YES,NO
p12_reuse025,dev,p12_f02_dag_add_edge,p12,p12_f02_dag_add_edge,p12_f02_dag_add_edge,QUERY_REUSED,YES,NO
p12_reuse025,dev,p12_f10_dag_count_descendants,p12,p12_f10_dag_count_descendants,p12_f10_dag_count_descendants,QUERY_REUSED,YES,NO
p12_reuse025,dev,p12_f12_dag_transitive_reduction,p12,p12_f12_dag_transitive_reduction,p12_f12_dag_transitive_reduction,QUERY_REUSED,YES,NO
p12_reuse025,dev,p12_f15_dag_is_reachable,p12,p12_f15_dag_is_reachable,p12_f15_dag_is_reachable,QUERY_REUSED,YES,NO
p12_reuse025,dev,p14_f02_bm_set_bit,p14,p14_f02_bm_set_bit,p14_f02_bm_set_bit,DONOR,YES,NO
p12_reuse025,dev,p14_f03_bm_clear_bit,p14,p14_f03_bm_clear_bit,p14_f03_bm_clear_bit,DONOR,YES,NO
p12_reuse025,dev,p14_f04_bm_test_bit,p14,p14_f04_bm_test_bit,p14_f04_bm_test_bit,DONOR,YES,NO
p12_reuse025,dev,p14_f05_bm_toggle_bit,p14,p14_f05_bm_toggle_bit,p14_f05_bm_toggle_bit,DONOR,YES,NO
p12_reuse025,dev,p14_f06_bm_popcount,p14,p14_f06_bm_popcount,p14_f06_bm_popcount,DONOR,YES,NO
p12_reuse025,dev,p14_f09_bm_find_next_set,p14,p14_f09_bm_find_next_set,p14_f09_bm_find_next_set,DONOR,YES,NO
p12_reuse025,dev,p14_f10_bm_bitwise_and,p14,p14_f10_bm_bitwise_and,p14_f10_bm_bitwise_and,DONOR,YES,NO
p12_reuse025,dev,p14_f11_bm_bitwise_or,p14,p14_f11_bm_bitwise_or,p14_f11_bm_bitwise_or,DONOR,YES,NO
p12_reuse025,dev,p14_f12_bm_bitwise_xor,p14,p14_f12_bm_bitwise_xor,p14_f12_bm_bitwise_xor,DONOR,YES,NO
p12_reuse025,dev,p14_f13_bm_bitwise_not,p14,p14_f13_bm_bitwise_not,p14_f13_bm_bitwise_not,DONOR,YES,NO
p12_reuse025,dev,p14_f14_bm_fill_range,p14,p14_f14_bm_fill_range,p14_f14_bm_fill_range,DONOR,YES,NO
p12_reuse025,dev,p14_f16_bm_jaccard_similarity,p14,p14_f16_bm_jaccard_similarity,p14_f16_bm_jaccard_similarity,DONOR,YES,NO
p12_reuse050,dev,p12_f03_dag_compute_indegrees,p12,p12_f03_dag_compute_indegrees,p12_f03_dag_compute_indegrees,QUERY_REUSED,YES,NO
p12_reuse050,dev,p12_f04_dag_compute_outdegrees,p12,p12_f04_dag_compute_outdegrees,p12_f04_dag_compute_outdegrees,QUERY_REUSED,YES,NO
p12_reuse050,dev,p12_f05_dag_kahn_toposort,p12,p12_f05_dag_kahn_toposort,p12_f05_dag_kahn_toposort,QUERY_REUSED,YES,NO
p12_reuse050,dev,p12_f07_dag_longest_path,p12,p12_f07_dag_longest_path,p12_f07_dag_longest_path,QUERY_REUSED,YES,NO
p12_reuse050,dev,p12_f08_dag_shortest_path,p12,p12_f08_dag_shortest_path,p12_f08_dag_shortest_path,QUERY_REUSED,YES,NO
p12_reuse050,dev,p12_f10_dag_count_descendants,p12,p12_f10_dag_count_descendants,p12_f10_dag_count_descendants,QUERY_REUSED,YES,NO
p12_reuse050,dev,p12_f11_dag_assign_levels,p12,p12_f11_dag_assign_levels,p12_f11_dag_assign_levels,QUERY_REUSED,YES,NO
p12_reuse050,dev,p12_f13_dag_find_sources,p12,p12_f13_dag_find_sources,p12_f13_dag_find_sources,QUERY_REUSED,YES,NO
p12_reuse050,dev,p14_f03_bm_clear_bit,p14,p14_f03_bm_clear_bit,p14_f03_bm_clear_bit,DONOR,YES,NO
p12_reuse050,dev,p14_f04_bm_test_bit,p14,p14_f04_bm_test_bit,p14_f04_bm_test_bit,DONOR,YES,NO
p12_reuse050,dev,p14_f05_bm_toggle_bit,p14,p14_f05_bm_toggle_bit,p14_f05_bm_toggle_bit,DONOR,YES,NO
p12_reuse050,dev,p14_f06_bm_popcount,p14,p14_f06_bm_popcount,p14_f06_bm_popcount,DONOR,YES,NO
p12_reuse050,dev,p14_f07_bm_find_first_set,p14,p14_f07_bm_find_first_set,p14_f07_bm_find_first_set,DONOR,YES,NO
p12_reuse050,dev,p14_f10_bm_bitwise_and,p14,p14_f10_bm_bitwise_and,p14_f10_bm_bitwise_and,DONOR,YES,NO
p12_reuse050,dev,p14_f11_bm_bitwise_or,p14,p14_f11_bm_bitwise_or,p14_f11_bm_bitwise_or,DONOR,YES,NO
p12_reuse050,dev,p14_f15_bm_clear_range,p14,p14_f15_bm_clear_range,p14_f15_bm_clear_range,DONOR,YES,NO
p12_reuse075,dev,p12_f01_dag_init,p12,p12_f01_dag_init,p12_f01_dag_init,QUERY_REUSED,YES,NO
p12_reuse075,dev,p12_f02_dag_add_edge,p12,p12_f02_dag_add_edge,p12_f02_dag_add_edge,QUERY_REUSED,YES,NO
p12_reuse075,dev,p12_f03_dag_compute_indegrees,p12,p12_f03_dag_compute_indegrees,p12_f03_dag_compute_indegrees,QUERY_REUSED,YES,NO
p12_reuse075,dev,p12_f04_dag_compute_outdegrees,p12,p12_f04_dag_compute_outdegrees,p12_f04_dag_compute_outdegrees,QUERY_REUSED,YES,NO
p12_reuse075,dev,p12_f05_dag_kahn_toposort,p12,p12_f05_dag_kahn_toposort,p12_f05_dag_kahn_toposort,QUERY_REUSED,YES,NO
p12_reuse075,dev,p12_f07_dag_longest_path,p12,p12_f07_dag_longest_path,p12_f07_dag_longest_path,QUERY_REUSED,YES,NO
p12_reuse075,dev,p12_f08_dag_shortest_path,p12,p12_f08_dag_shortest_path,p12_f08_dag_shortest_path,QUERY_REUSED,YES,NO
p12_reuse075,dev,p12_f09_dag_count_ancestors,p12,p12_f09_dag_count_ancestors,p12_f09_dag_count_ancestors,QUERY_REUSED,YES,NO
p12_reuse075,dev,p12_f10_dag_count_descendants,p12,p12_f10_dag_count_descendants,p12_f10_dag_count_descendants,QUERY_REUSED,YES,NO
p12_reuse075,dev,p12_f12_dag_transitive_reduction,p12,p12_f12_dag_transitive_reduction,p12_f12_dag_transitive_reduction,QUERY_REUSED,YES,NO
p12_reuse075,dev,p12_f13_dag_find_sources,p12,p12_f13_dag_find_sources,p12_f13_dag_find_sources,QUERY_REUSED,YES,NO
p12_reuse075,dev,p12_f14_dag_find_sinks,p12,p12_f14_dag_find_sinks,p12_f14_dag_find_sinks,QUERY_REUSED,YES,NO
p12_reuse075,dev,p14_f01_bm_init,p14,p14_f01_bm_init,p14_f01_bm_init,DONOR,YES,NO
p12_reuse075,dev,p14_f05_bm_toggle_bit,p14,p14_f05_bm_toggle_bit,p14_f05_bm_toggle_bit,DONOR,YES,NO
p12_reuse075,dev,p14_f06_bm_popcount,p14,p14_f06_bm_popcount,p14_f06_bm_popcount,DONOR,YES,NO
p12_reuse075,dev,p14_f12_bm_bitwise_xor,p14,p14_f12_bm_bitwise_xor,p14_f12_bm_bitwise_xor,DONOR,YES,NO
p12_reuse100,dev,p12_f01_dag_init,p12,p12_f01_dag_init,p12_f01_dag_init,QUERY_REUSED,YES,NO
p12_reuse100,dev,p12_f02_dag_add_edge,p12,p12_f02_dag_add_edge,p12_f02_dag_add_edge,QUERY_REUSED,YES,NO
p12_reuse100,dev,p12_f03_dag_compute_indegrees,p12,p12_f03_dag_compute_indegrees,p12_f03_dag_compute_indegrees,QUERY_REUSED,YES,NO
p12_reuse100,dev,p12_f04_dag_compute_outdegrees,p12,p12_f04_dag_compute_outdegrees,p12_f04_dag_compute_outdegrees,QUERY_REUSED,YES,NO
p12_reuse100,dev,p12_f05_dag_kahn_toposort,p12,p12_f05_dag_kahn_toposort,p12_f05_dag_kahn_toposort,QUERY_REUSED,YES,NO
p12_reuse100,dev,p12_f06_dag_has_cycle,p12,p12_f06_dag_has_cycle,p12_f06_dag_has_cycle,QUERY_REUSED,YES,NO
p12_reuse100,dev,p12_f07_dag_longest_path,p12,p12_f07_dag_longest_path,p12_f07_dag_longest_path,QUERY_REUSED,YES,NO
p12_reuse100,dev,p12_f08_dag_shortest_path,p12,p12_f08_dag_shortest_path,p12_f08_dag_shortest_path,QUERY_REUSED,YES,NO
p12_reuse100,dev,p12_f09_dag_count_ancestors,p12,p12_f09_dag_count_ancestors,p12_f09_dag_count_ancestors,QUERY_REUSED,YES,NO
p12_reuse100,dev,p12_f10_dag_count_descendants,p12,p12_f10_dag_count_descendants,p12_f10_dag_count_descendants,QUERY_REUSED,YES,NO
p12_reuse100,dev,p12_f11_dag_assign_levels,p12,p12_f11_dag_assign_levels,p12_f11_dag_assign_levels,QUERY_REUSED,YES,NO
p12_reuse100,dev,p12_f12_dag_transitive_reduction,p12,p12_f12_dag_transitive_reduction,p12_f12_dag_transitive_reduction,QUERY_REUSED,YES,NO
p12_reuse100,dev,p12_f13_dag_find_sources,p12,p12_f13_dag_find_sources,p12_f13_dag_find_sources,QUERY_REUSED,YES,NO
p12_reuse100,dev,p12_f14_dag_find_sinks,p12,p12_f14_dag_find_sinks,p12_f14_dag_find_sinks,QUERY_REUSED,YES,NO
p12_reuse100,dev,p12_f15_dag_is_reachable,p12,p12_f15_dag_is_reachable,p12_f15_dag_is_reachable,QUERY_REUSED,YES,NO
p12_reuse100,dev,p12_f16_dag_clear,p12,p12_f16_dag_clear,p12_f16_dag_clear,QUERY_REUSED,YES,NO
p13_reuse000,dev,p08_f01_adler32,p08,p08_f01_adler32,p08_f01_adler32,DONOR,YES,NO
p13_reuse000,dev,p08_f02_siphash_round,p08,p08_f02_siphash_round,p08_f02_siphash_round,DONOR,YES,NO
p13_reuse000,dev,p08_f03_siphash24,p08,p08_f03_siphash24,p08_f03_siphash24,DONOR,YES,NO
p13_reuse000,dev,p08_f04_half_siphash,p08,p08_f04_half_siphash,p08_f04_half_siphash,DONOR,YES,NO
p13_reuse000,dev,p08_f05_djb2_hash,p08,p08_f05_djb2_hash,p08_f05_djb2_hash,DONOR,YES,NO
p13_reuse000,dev,p08_f06_sdbm_hash,p08,p08_f06_sdbm_hash,p08_f06_sdbm_hash,DONOR,YES,NO
p13_reuse000,dev,p08_f07_rabin_karp_rolling,p08,p08_f07_rabin_karp_rolling,p08_f07_rabin_karp_rolling,DONOR,YES,NO
p13_reuse000,dev,p08_f08_jenkins_lookup2,p08,p08_f08_jenkins_lookup2,p08_f08_jenkins_lookup2,DONOR,YES,NO
p13_reuse000,dev,p08_f09_knuth_multiplicative,p08,p08_f09_knuth_multiplicative,p08_f09_knuth_multiplicative,DONOR,YES,NO
p13_reuse000,dev,p08_f10_rot13_cipher,p08,p08_f10_rot13_cipher,p08_f10_rot13_cipher,DONOR,YES,NO
p13_reuse000,dev,p08_f11_rotate_mix32,p08,p08_f11_rotate_mix32,p08_f11_rotate_mix32,DONOR,YES,NO
p13_reuse000,dev,p08_f12_crc16_usb,p08,p08_f12_crc16_usb,p08_f12_crc16_usb,DONOR,YES,NO
p13_reuse000,dev,p08_f13_poly1305_clamp,p08,p08_f13_poly1305_clamp,p08_f13_poly1305_clamp,DONOR,YES,NO
p13_reuse000,dev,p08_f14_chash_simple,p08,p08_f14_chash_simple,p08_f14_chash_simple,DONOR,YES,NO
p13_reuse000,dev,p08_f15_hash_mix32,p08,p08_f15_hash_mix32,p08_f15_hash_mix32,DONOR,YES,NO
p13_reuse000,dev,p08_f16_checksum_fold64_to_32,p08,p08_f16_checksum_fold64_to_32,p08_f16_checksum_fold64_to_32,DONOR,YES,NO
p13_reuse025,dev,p13_f02_slip_decode,p13,p13_f02_slip_decode,p13_f02_slip_decode,QUERY_REUSED,YES,NO
p13_reuse025,dev,p13_f12_byte_swap16,p13,p13_f12_byte_swap16,p13_f12_byte_swap16,QUERY_REUSED,YES,NO
p13_reuse025,dev,p13_f13_byte_swap32,p13,p13_f13_byte_swap32,p13_f13_byte_swap32,QUERY_REUSED,YES,NO
p13_reuse025,dev,p13_f14_parse_tlv_field,p13,p13_f14_parse_tlv_field,p13_f14_parse_tlv_field,QUERY_REUSED,YES,NO
p13_reuse025,dev,p08_f01_adler32,p08,p08_f01_adler32,p08_f01_adler32,DONOR,YES,NO
p13_reuse025,dev,p08_f02_siphash_round,p08,p08_f02_siphash_round,p08_f02_siphash_round,DONOR,YES,NO
p13_reuse025,dev,p08_f03_siphash24,p08,p08_f03_siphash24,p08_f03_siphash24,DONOR,YES,NO
p13_reuse025,dev,p08_f04_half_siphash,p08,p08_f04_half_siphash,p08_f04_half_siphash,DONOR,YES,NO
p13_reuse025,dev,p08_f06_sdbm_hash,p08,p08_f06_sdbm_hash,p08_f06_sdbm_hash,DONOR,YES,NO
p13_reuse025,dev,p08_f08_jenkins_lookup2,p08,p08_f08_jenkins_lookup2,p08_f08_jenkins_lookup2,DONOR,YES,NO
p13_reuse025,dev,p08_f09_knuth_multiplicative,p08,p08_f09_knuth_multiplicative,p08_f09_knuth_multiplicative,DONOR,YES,NO
p13_reuse025,dev,p08_f10_rot13_cipher,p08,p08_f10_rot13_cipher,p08_f10_rot13_cipher,DONOR,YES,NO
p13_reuse025,dev,p08_f13_poly1305_clamp,p08,p08_f13_poly1305_clamp,p08_f13_poly1305_clamp,DONOR,YES,NO
p13_reuse025,dev,p08_f14_chash_simple,p08,p08_f14_chash_simple,p08_f14_chash_simple,DONOR,YES,NO
p13_reuse025,dev,p08_f15_hash_mix32,p08,p08_f15_hash_mix32,p08_f15_hash_mix32,DONOR,YES,NO
p13_reuse025,dev,p08_f16_checksum_fold64_to_32,p08,p08_f16_checksum_fold64_to_32,p08_f16_checksum_fold64_to_32,DONOR,YES,NO
p13_reuse050,dev,p13_f01_slip_encode,p13,p13_f01_slip_encode,p13_f01_slip_encode,QUERY_REUSED,YES,NO
p13_reuse050,dev,p13_f03_cobs_encode,p13,p13_f03_cobs_encode,p13_f03_cobs_encode,QUERY_REUSED,YES,NO
p13_reuse050,dev,p13_f05_fcs16_compute,p13,p13_f05_fcs16_compute,p13_f05_fcs16_compute,QUERY_REUSED,YES,NO
p13_reuse050,dev,p13_f06_fcs16_verify,p13,p13_f06_fcs16_verify,p13_f06_fcs16_verify,QUERY_REUSED,YES,NO
p13_reuse050,dev,p13_f09_bit_stuff_encode,p13,p13_f09_bit_stuff_encode,p13_f09_bit_stuff_encode,QUERY_REUSED,YES,NO
p13_reuse050,dev,p13_f14_parse_tlv_field,p13,p13_f14_parse_tlv_field,p13_f14_parse_tlv_field,QUERY_REUSED,YES,NO
p13_reuse050,dev,p13_f15_frame_buf_append,p13,p13_f15_frame_buf_append,p13_f15_frame_buf_append,QUERY_REUSED,YES,NO
p13_reuse050,dev,p13_f16_frame_buf_reset,p13,p13_f16_frame_buf_reset,p13_f16_frame_buf_reset,QUERY_REUSED,YES,NO
p13_reuse050,dev,p08_f01_adler32,p08,p08_f01_adler32,p08_f01_adler32,DONOR,YES,NO
p13_reuse050,dev,p08_f04_half_siphash,p08,p08_f04_half_siphash,p08_f04_half_siphash,DONOR,YES,NO
p13_reuse050,dev,p08_f06_sdbm_hash,p08,p08_f06_sdbm_hash,p08_f06_sdbm_hash,DONOR,YES,NO
p13_reuse050,dev,p08_f09_knuth_multiplicative,p08,p08_f09_knuth_multiplicative,p08_f09_knuth_multiplicative,DONOR,YES,NO
p13_reuse050,dev,p08_f11_rotate_mix32,p08,p08_f11_rotate_mix32,p08_f11_rotate_mix32,DONOR,YES,NO
p13_reuse050,dev,p08_f12_crc16_usb,p08,p08_f12_crc16_usb,p08_f12_crc16_usb,DONOR,YES,NO
p13_reuse050,dev,p08_f15_hash_mix32,p08,p08_f15_hash_mix32,p08_f15_hash_mix32,DONOR,YES,NO
p13_reuse050,dev,p08_f16_checksum_fold64_to_32,p08,p08_f16_checksum_fold64_to_32,p08_f16_checksum_fold64_to_32,DONOR,YES,NO
p13_reuse075,dev,p13_f03_cobs_encode,p13,p13_f03_cobs_encode,p13_f03_cobs_encode,QUERY_REUSED,YES,NO
p13_reuse075,dev,p13_f04_cobs_decode,p13,p13_f04_cobs_decode,p13_f04_cobs_decode,QUERY_REUSED,YES,NO
p13_reuse075,dev,p13_f05_fcs16_compute,p13,p13_f05_fcs16_compute,p13_f05_fcs16_compute,QUERY_REUSED,YES,NO
p13_reuse075,dev,p13_f06_fcs16_verify,p13,p13_f06_fcs16_verify,p13_f06_fcs16_verify,QUERY_REUSED,YES,NO
p13_reuse075,dev,p13_f07_pack_header,p13,p13_f07_pack_header,p13_f07_pack_header,QUERY_REUSED,YES,NO
p13_reuse075,dev,p13_f09_bit_stuff_encode,p13,p13_f09_bit_stuff_encode,p13_f09_bit_stuff_encode,QUERY_REUSED,YES,NO
p13_reuse075,dev,p13_f10_bit_stuff_decode,p13,p13_f10_bit_stuff_decode,p13_f10_bit_stuff_decode,QUERY_REUSED,YES,NO
p13_reuse075,dev,p13_f11_frame_checksum_valid,p13,p13_f11_frame_checksum_valid,p13_f11_frame_checksum_valid,QUERY_REUSED,YES,NO
p13_reuse075,dev,p13_f12_byte_swap16,p13,p13_f12_byte_swap16,p13_f12_byte_swap16,QUERY_REUSED,YES,NO
p13_reuse075,dev,p13_f13_byte_swap32,p13,p13_f13_byte_swap32,p13_f13_byte_swap32,QUERY_REUSED,YES,NO
p13_reuse075,dev,p13_f14_parse_tlv_field,p13,p13_f14_parse_tlv_field,p13_f14_parse_tlv_field,QUERY_REUSED,YES,NO
p13_reuse075,dev,p13_f16_frame_buf_reset,p13,p13_f16_frame_buf_reset,p13_f16_frame_buf_reset,QUERY_REUSED,YES,NO
p13_reuse075,dev,p08_f01_adler32,p08,p08_f01_adler32,p08_f01_adler32,DONOR,YES,NO
p13_reuse075,dev,p08_f02_siphash_round,p08,p08_f02_siphash_round,p08_f02_siphash_round,DONOR,YES,NO
p13_reuse075,dev,p08_f08_jenkins_lookup2,p08,p08_f08_jenkins_lookup2,p08_f08_jenkins_lookup2,DONOR,YES,NO
p13_reuse075,dev,p08_f13_poly1305_clamp,p08,p08_f13_poly1305_clamp,p08_f13_poly1305_clamp,DONOR,YES,NO
p13_reuse100,dev,p13_f01_slip_encode,p13,p13_f01_slip_encode,p13_f01_slip_encode,QUERY_REUSED,YES,NO
p13_reuse100,dev,p13_f02_slip_decode,p13,p13_f02_slip_decode,p13_f02_slip_decode,QUERY_REUSED,YES,NO
p13_reuse100,dev,p13_f03_cobs_encode,p13,p13_f03_cobs_encode,p13_f03_cobs_encode,QUERY_REUSED,YES,NO
p13_reuse100,dev,p13_f04_cobs_decode,p13,p13_f04_cobs_decode,p13_f04_cobs_decode,QUERY_REUSED,YES,NO
p13_reuse100,dev,p13_f05_fcs16_compute,p13,p13_f05_fcs16_compute,p13_f05_fcs16_compute,QUERY_REUSED,YES,NO
p13_reuse100,dev,p13_f06_fcs16_verify,p13,p13_f06_fcs16_verify,p13_f06_fcs16_verify,QUERY_REUSED,YES,NO
p13_reuse100,dev,p13_f07_pack_header,p13,p13_f07_pack_header,p13_f07_pack_header,QUERY_REUSED,YES,NO
p13_reuse100,dev,p13_f08_unpack_header,p13,p13_f08_unpack_header,p13_f08_unpack_header,QUERY_REUSED,YES,NO
p13_reuse100,dev,p13_f09_bit_stuff_encode,p13,p13_f09_bit_stuff_encode,p13_f09_bit_stuff_encode,QUERY_REUSED,YES,NO
p13_reuse100,dev,p13_f10_bit_stuff_decode,p13,p13_f10_bit_stuff_decode,p13_f10_bit_stuff_decode,QUERY_REUSED,YES,NO
p13_reuse100,dev,p13_f11_frame_checksum_valid,p13,p13_f11_frame_checksum_valid,p13_f11_frame_checksum_valid,QUERY_REUSED,YES,NO
p13_reuse100,dev,p13_f12_byte_swap16,p13,p13_f12_byte_swap16,p13_f12_byte_swap16,QUERY_REUSED,YES,NO
p13_reuse100,dev,p13_f13_byte_swap32,p13,p13_f13_byte_swap32,p13_f13_byte_swap32,QUERY_REUSED,YES,NO
p13_reuse100,dev,p13_f14_parse_tlv_field,p13,p13_f14_parse_tlv_field,p13_f14_parse_tlv_field,QUERY_REUSED,YES,NO
p13_reuse100,dev,p13_f15_frame_buf_append,p13,p13_f15_frame_buf_append,p13_f15_frame_buf_append,QUERY_REUSED,YES,NO
p13_reuse100,dev,p13_f16_frame_buf_reset,p13,p13_f16_frame_buf_reset,p13_f16_frame_buf_reset,QUERY_REUSED,YES,NO
p14_reuse000,dev,p09_f01_avl_init,p09,p09_f01_avl_init,p09_f01_avl_init,DONOR,YES,NO
p14_reuse000,dev,p09_f02_avl_height,p09,p09_f02_avl_height,p09_f02_avl_height,DONOR,YES,NO
p14_reuse000,dev,p09_f03_avl_balance_factor,p09,p09_f03_avl_balance_factor,p09_f03_avl_balance_factor,DONOR,YES,NO
p14_reuse000,dev,p09_f04_avl_rotate_right,p09,p09_f04_avl_rotate_right,p09_f04_avl_rotate_right,DONOR,YES,NO
p14_reuse000,dev,p09_f05_avl_rotate_left,p09,p09_f05_avl_rotate_left,p09_f05_avl_rotate_left,DONOR,YES,NO
p14_reuse000,dev,p09_f06_avl_insert_internal,p09,p09_f06_avl_insert_internal,p09_f06_avl_insert_internal,DONOR,YES,NO
p14_reuse000,dev,p09_f07_avl_insert,p09,p09_f07_avl_insert,p09_f07_avl_insert,DONOR,YES,NO
p14_reuse000,dev,p09_f08_avl_min_node,p09,p09_f08_avl_min_node,p09_f08_avl_min_node,DONOR,YES,NO
p14_reuse000,dev,p09_f09_avl_delete_internal,p09,p09_f09_avl_delete_internal,p09_f09_avl_delete_internal,DONOR,YES,NO
p14_reuse000,dev,p09_f10_avl_delete,p09,p09_f10_avl_delete,p09_f10_avl_delete,DONOR,YES,NO
p14_reuse000,dev,p09_f11_avl_search,p09,p09_f11_avl_search,p09_f11_avl_search,DONOR,YES,NO
p14_reuse000,dev,p09_f12_avl_inorder,p09,p09_f12_avl_inorder,p09_f12_avl_inorder,DONOR,YES,NO
p14_reuse000,dev,p09_f13_avl_preorder,p09,p09_f13_avl_preorder,p09_f13_avl_preorder,DONOR,YES,NO
p14_reuse000,dev,p09_f14_avl_count,p09,p09_f14_avl_count,p09_f14_avl_count,DONOR,YES,NO
p14_reuse000,dev,p09_f15_avl_is_balanced,p09,p09_f15_avl_is_balanced,p09_f15_avl_is_balanced,DONOR,YES,NO
p14_reuse000,dev,p09_f16_avl_clear,p09,p09_f16_avl_clear,p09_f16_avl_clear,DONOR,YES,NO
p14_reuse025,dev,p14_f05_bm_toggle_bit,p14,p14_f05_bm_toggle_bit,p14_f05_bm_toggle_bit,QUERY_REUSED,YES,NO
p14_reuse025,dev,p14_f06_bm_popcount,p14,p14_f06_bm_popcount,p14_f06_bm_popcount,QUERY_REUSED,YES,NO
p14_reuse025,dev,p14_f11_bm_bitwise_or,p14,p14_f11_bm_bitwise_or,p14_f11_bm_bitwise_or,QUERY_REUSED,YES,NO
p14_reuse025,dev,p14_f12_bm_bitwise_xor,p14,p14_f12_bm_bitwise_xor,p14_f12_bm_bitwise_xor,QUERY_REUSED,YES,NO
p14_reuse025,dev,p09_f01_avl_init,p09,p09_f01_avl_init,p09_f01_avl_init,DONOR,YES,NO
p14_reuse025,dev,p09_f02_avl_height,p09,p09_f02_avl_height,p09_f02_avl_height,DONOR,YES,NO
p14_reuse025,dev,p09_f03_avl_balance_factor,p09,p09_f03_avl_balance_factor,p09_f03_avl_balance_factor,DONOR,YES,NO
p14_reuse025,dev,p09_f04_avl_rotate_right,p09,p09_f04_avl_rotate_right,p09_f04_avl_rotate_right,DONOR,YES,NO
p14_reuse025,dev,p09_f05_avl_rotate_left,p09,p09_f05_avl_rotate_left,p09_f05_avl_rotate_left,DONOR,YES,NO
p14_reuse025,dev,p09_f08_avl_min_node,p09,p09_f08_avl_min_node,p09_f08_avl_min_node,DONOR,YES,NO
p14_reuse025,dev,p09_f09_avl_delete_internal,p09,p09_f09_avl_delete_internal,p09_f09_avl_delete_internal,DONOR,YES,NO
p14_reuse025,dev,p09_f10_avl_delete,p09,p09_f10_avl_delete,p09_f10_avl_delete,DONOR,YES,NO
p14_reuse025,dev,p09_f11_avl_search,p09,p09_f11_avl_search,p09_f11_avl_search,DONOR,YES,NO
p14_reuse025,dev,p09_f14_avl_count,p09,p09_f14_avl_count,p09_f14_avl_count,DONOR,YES,NO
p14_reuse025,dev,p09_f15_avl_is_balanced,p09,p09_f15_avl_is_balanced,p09_f15_avl_is_balanced,DONOR,YES,NO
p14_reuse025,dev,p09_f16_avl_clear,p09,p09_f16_avl_clear,p09_f16_avl_clear,DONOR,YES,NO
p14_reuse050,dev,p14_f02_bm_set_bit,p14,p14_f02_bm_set_bit,p14_f02_bm_set_bit,QUERY_REUSED,YES,NO
p14_reuse050,dev,p14_f03_bm_clear_bit,p14,p14_f03_bm_clear_bit,p14_f03_bm_clear_bit,QUERY_REUSED,YES,NO
p14_reuse050,dev,p14_f04_bm_test_bit,p14,p14_f04_bm_test_bit,p14_f04_bm_test_bit,QUERY_REUSED,YES,NO
p14_reuse050,dev,p14_f08_bm_find_first_zero,p14,p14_f08_bm_find_first_zero,p14_f08_bm_find_first_zero,QUERY_REUSED,YES,NO
p14_reuse050,dev,p14_f09_bm_find_next_set,p14,p14_f09_bm_find_next_set,p14_f09_bm_find_next_set,QUERY_REUSED,YES,NO
p14_reuse050,dev,p14_f10_bm_bitwise_and,p14,p14_f10_bm_bitwise_and,p14_f10_bm_bitwise_and,QUERY_REUSED,YES,NO
p14_reuse050,dev,p14_f12_bm_bitwise_xor,p14,p14_f12_bm_bitwise_xor,p14_f12_bm_bitwise_xor,QUERY_REUSED,YES,NO
p14_reuse050,dev,p14_f14_bm_fill_range,p14,p14_f14_bm_fill_range,p14_f14_bm_fill_range,QUERY_REUSED,YES,NO
p14_reuse050,dev,p09_f01_avl_init,p09,p09_f01_avl_init,p09_f01_avl_init,DONOR,YES,NO
p14_reuse050,dev,p09_f02_avl_height,p09,p09_f02_avl_height,p09_f02_avl_height,DONOR,YES,NO
p14_reuse050,dev,p09_f04_avl_rotate_right,p09,p09_f04_avl_rotate_right,p09_f04_avl_rotate_right,DONOR,YES,NO
p14_reuse050,dev,p09_f08_avl_min_node,p09,p09_f08_avl_min_node,p09_f08_avl_min_node,DONOR,YES,NO
p14_reuse050,dev,p09_f11_avl_search,p09,p09_f11_avl_search,p09_f11_avl_search,DONOR,YES,NO
p14_reuse050,dev,p09_f12_avl_inorder,p09,p09_f12_avl_inorder,p09_f12_avl_inorder,DONOR,YES,NO
p14_reuse050,dev,p09_f13_avl_preorder,p09,p09_f13_avl_preorder,p09_f13_avl_preorder,DONOR,YES,NO
p14_reuse050,dev,p09_f14_avl_count,p09,p09_f14_avl_count,p09_f14_avl_count,DONOR,YES,NO
p14_reuse075,dev,p14_f01_bm_init,p14,p14_f01_bm_init,p14_f01_bm_init,QUERY_REUSED,YES,NO
p14_reuse075,dev,p14_f02_bm_set_bit,p14,p14_f02_bm_set_bit,p14_f02_bm_set_bit,QUERY_REUSED,YES,NO
p14_reuse075,dev,p14_f03_bm_clear_bit,p14,p14_f03_bm_clear_bit,p14_f03_bm_clear_bit,QUERY_REUSED,YES,NO
p14_reuse075,dev,p14_f04_bm_test_bit,p14,p14_f04_bm_test_bit,p14_f04_bm_test_bit,QUERY_REUSED,YES,NO
p14_reuse075,dev,p14_f06_bm_popcount,p14,p14_f06_bm_popcount,p14_f06_bm_popcount,QUERY_REUSED,YES,NO
p14_reuse075,dev,p14_f07_bm_find_first_set,p14,p14_f07_bm_find_first_set,p14_f07_bm_find_first_set,QUERY_REUSED,YES,NO
p14_reuse075,dev,p14_f08_bm_find_first_zero,p14,p14_f08_bm_find_first_zero,p14_f08_bm_find_first_zero,QUERY_REUSED,YES,NO
p14_reuse075,dev,p14_f09_bm_find_next_set,p14,p14_f09_bm_find_next_set,p14_f09_bm_find_next_set,QUERY_REUSED,YES,NO
p14_reuse075,dev,p14_f11_bm_bitwise_or,p14,p14_f11_bm_bitwise_or,p14_f11_bm_bitwise_or,QUERY_REUSED,YES,NO
p14_reuse075,dev,p14_f12_bm_bitwise_xor,p14,p14_f12_bm_bitwise_xor,p14_f12_bm_bitwise_xor,QUERY_REUSED,YES,NO
p14_reuse075,dev,p14_f13_bm_bitwise_not,p14,p14_f13_bm_bitwise_not,p14_f13_bm_bitwise_not,QUERY_REUSED,YES,NO
p14_reuse075,dev,p14_f14_bm_fill_range,p14,p14_f14_bm_fill_range,p14_f14_bm_fill_range,QUERY_REUSED,YES,NO
p14_reuse075,dev,p09_f01_avl_init,p09,p09_f01_avl_init,p09_f01_avl_init,DONOR,YES,NO
p14_reuse075,dev,p09_f02_avl_height,p09,p09_f02_avl_height,p09_f02_avl_height,DONOR,YES,NO
p14_reuse075,dev,p09_f11_avl_search,p09,p09_f11_avl_search,p09_f11_avl_search,DONOR,YES,NO
p14_reuse075,dev,p09_f13_avl_preorder,p09,p09_f13_avl_preorder,p09_f13_avl_preorder,DONOR,YES,NO
p14_reuse100,dev,p14_f01_bm_init,p14,p14_f01_bm_init,p14_f01_bm_init,QUERY_REUSED,YES,NO
p14_reuse100,dev,p14_f02_bm_set_bit,p14,p14_f02_bm_set_bit,p14_f02_bm_set_bit,QUERY_REUSED,YES,NO
p14_reuse100,dev,p14_f03_bm_clear_bit,p14,p14_f03_bm_clear_bit,p14_f03_bm_clear_bit,QUERY_REUSED,YES,NO
p14_reuse100,dev,p14_f04_bm_test_bit,p14,p14_f04_bm_test_bit,p14_f04_bm_test_bit,QUERY_REUSED,YES,NO
p14_reuse100,dev,p14_f05_bm_toggle_bit,p14,p14_f05_bm_toggle_bit,p14_f05_bm_toggle_bit,QUERY_REUSED,YES,NO
p14_reuse100,dev,p14_f06_bm_popcount,p14,p14_f06_bm_popcount,p14_f06_bm_popcount,QUERY_REUSED,YES,NO
p14_reuse100,dev,p14_f07_bm_find_first_set,p14,p14_f07_bm_find_first_set,p14_f07_bm_find_first_set,QUERY_REUSED,YES,NO
p14_reuse100,dev,p14_f08_bm_find_first_zero,p14,p14_f08_bm_find_first_zero,p14_f08_bm_find_first_zero,QUERY_REUSED,YES,NO
p14_reuse100,dev,p14_f09_bm_find_next_set,p14,p14_f09_bm_find_next_set,p14_f09_bm_find_next_set,QUERY_REUSED,YES,NO
p14_reuse100,dev,p14_f10_bm_bitwise_and,p14,p14_f10_bm_bitwise_and,p14_f10_bm_bitwise_and,QUERY_REUSED,YES,NO
p14_reuse100,dev,p14_f11_bm_bitwise_or,p14,p14_f11_bm_bitwise_or,p14_f11_bm_bitwise_or,QUERY_REUSED,YES,NO
p14_reuse100,dev,p14_f12_bm_bitwise_xor,p14,p14_f12_bm_bitwise_xor,p14_f12_bm_bitwise_xor,QUERY_REUSED,YES,NO
p14_reuse100,dev,p14_f13_bm_bitwise_not,p14,p14_f13_bm_bitwise_not,p14_f13_bm_bitwise_not,QUERY_REUSED,YES,NO
p14_reuse100,dev,p14_f14_bm_fill_range,p14,p14_f14_bm_fill_range,p14_f14_bm_fill_range,QUERY_REUSED,YES,NO
p14_reuse100,dev,p14_f15_bm_clear_range,p14,p14_f15_bm_clear_range,p14_f15_bm_clear_range,QUERY_REUSED,YES,NO
p14_reuse100,dev,p14_f16_bm_jaccard_similarity,p14,p14_f16_bm_jaccard_similarity,p14_f16_bm_jaccard_similarity,QUERY_REUSED,YES,NO
p15_reuse000,sealed_test,p21_f01_log_init,p21,p21_f01_log_init,p21_f01_log_init,DONOR,YES,NO
p15_reuse000,sealed_test,p21_f02_log_append,p21,p21_f02_log_append,p21_f02_log_append,DONOR,YES,NO
p15_reuse000,sealed_test,p21_f03_log_get_by_seq,p21,p21_f03_log_get_by_seq,p21_f03_log_get_by_seq,DONOR,YES,NO
p15_reuse000,sealed_test,p21_f04_log_get_latest,p21,p21_f04_log_get_latest,p21_f04_log_get_latest,DONOR,YES,NO
p15_reuse000,sealed_test,p21_f05_log_get_oldest,p21,p21_f05_log_get_oldest,p21_f05_log_get_oldest,DONOR,YES,NO
p15_reuse000,sealed_test,p21_f06_log_count,p21,p21_f06_log_count,p21_f06_log_count,DONOR,YES,NO
p15_reuse000,sealed_test,p21_f07_log_filter_level,p21,p21_f07_log_filter_level,p21_f07_log_filter_level,DONOR,YES,NO
p15_reuse000,sealed_test,p21_f08_log_search_substring,p21,p21_f08_log_search_substring,p21_f08_log_search_substring,DONOR,YES,NO
p15_reuse000,sealed_test,p21_f09_log_checksum,p21,p21_f09_log_checksum,p21_f09_log_checksum,DONOR,YES,NO
p15_reuse000,sealed_test,p21_f10_log_verify_checksum,p21,p21_f10_log_verify_checksum,p21_f10_log_verify_checksum,DONOR,YES,NO
p15_reuse000,sealed_test,p21_f11_rle_compress,p21,p21_f11_rle_compress,p21_f11_rle_compress,DONOR,YES,NO
p15_reuse000,sealed_test,p21_f12_rle_decompress,p21,p21_f12_rle_decompress,p21_f12_rle_decompress,DONOR,YES,NO
p15_reuse000,sealed_test,p21_f13_log_filter_timestamp,p21,p21_f13_log_filter_timestamp,p21_f13_log_filter_timestamp,DONOR,YES,NO
p15_reuse000,sealed_test,p21_f14_log_truncate_older,p21,p21_f14_log_truncate_older,p21_f14_log_truncate_older,DONOR,YES,NO
p15_reuse000,sealed_test,p21_f15_log_export_stats,p21,p21_f15_log_export_stats,p21_f15_log_export_stats,DONOR,YES,NO
p15_reuse000,sealed_test,p21_f16_log_clear,p21,p21_f16_log_clear,p21_f16_log_clear,DONOR,YES,NO
p15_reuse025,sealed_test,p15_f03_fnv1_64,p15,p15_f03_fnv1_64,p15_f03_fnv1_64,QUERY_REUSED,YES,NO
p15_reuse025,sealed_test,p15_f09_super_fast_hash,p15,p15_f09_super_fast_hash,p15_f09_super_fast_hash,QUERY_REUSED,YES,NO
p15_reuse025,sealed_test,p15_f11_dek_hash,p15,p15_f11_dek_hash,p15_f11_dek_hash,QUERY_REUSED,YES,NO
p15_reuse025,sealed_test,p15_f15_hash_combine64,p15,p15_f15_hash_combine64,p15_f15_hash_combine64,QUERY_REUSED,YES,NO
p15_reuse025,sealed_test,p21_f02_log_append,p21,p21_f02_log_append,p21_f02_log_append,DONOR,YES,NO
p15_reuse025,sealed_test,p21_f03_log_get_by_seq,p21,p21_f03_log_get_by_seq,p21_f03_log_get_by_seq,DONOR,YES,NO
p15_reuse025,sealed_test,p21_f04_log_get_latest,p21,p21_f04_log_get_latest,p21_f04_log_get_latest,DONOR,YES,NO
p15_reuse025,sealed_test,p21_f05_log_get_oldest,p21,p21_f05_log_get_oldest,p21_f05_log_get_oldest,DONOR,YES,NO
p15_reuse025,sealed_test,p21_f06_log_count,p21,p21_f06_log_count,p21_f06_log_count,DONOR,YES,NO
p15_reuse025,sealed_test,p21_f07_log_filter_level,p21,p21_f07_log_filter_level,p21_f07_log_filter_level,DONOR,YES,NO
p15_reuse025,sealed_test,p21_f08_log_search_substring,p21,p21_f08_log_search_substring,p21_f08_log_search_substring,DONOR,YES,NO
p15_reuse025,sealed_test,p21_f09_log_checksum,p21,p21_f09_log_checksum,p21_f09_log_checksum,DONOR,YES,NO
p15_reuse025,sealed_test,p21_f10_log_verify_checksum,p21,p21_f10_log_verify_checksum,p21_f10_log_verify_checksum,DONOR,YES,NO
p15_reuse025,sealed_test,p21_f11_rle_compress,p21,p21_f11_rle_compress,p21_f11_rle_compress,DONOR,YES,NO
p15_reuse025,sealed_test,p21_f12_rle_decompress,p21,p21_f12_rle_decompress,p21_f12_rle_decompress,DONOR,YES,NO
p15_reuse025,sealed_test,p21_f15_log_export_stats,p21,p21_f15_log_export_stats,p21_f15_log_export_stats,DONOR,YES,NO
p15_reuse050,sealed_test,p15_f01_fnv1_32,p15,p15_f01_fnv1_32,p15_f01_fnv1_32,QUERY_REUSED,YES,NO
p15_reuse050,sealed_test,p15_f02_fnv1a_32,p15,p15_f02_fnv1a_32,p15_f02_fnv1a_32,QUERY_REUSED,YES,NO
p15_reuse050,sealed_test,p15_f03_fnv1_64,p15,p15_f03_fnv1_64,p15_f03_fnv1_64,QUERY_REUSED,YES,NO
p15_reuse050,sealed_test,p15_f04_fnv1a_64,p15,p15_f04_fnv1a_64,p15_f04_fnv1a_64,QUERY_REUSED,YES,NO
p15_reuse050,sealed_test,p15_f09_super_fast_hash,p15,p15_f09_super_fast_hash,p15_f09_super_fast_hash,QUERY_REUSED,YES,NO
p15_reuse050,sealed_test,p15_f14_crc24_ble,p15,p15_f14_crc24_ble,p15_f14_crc24_ble,QUERY_REUSED,YES,NO
p15_reuse050,sealed_test,p15_f15_hash_combine64,p15,p15_f15_hash_combine64,p15_f15_hash_combine64,QUERY_REUSED,YES,NO
p15_reuse050,sealed_test,p15_f16_checksum_parity_byte,p15,p15_f16_checksum_parity_byte,p15_f16_checksum_parity_byte,QUERY_REUSED,YES,NO
p15_reuse050,sealed_test,p21_f01_log_init,p21,p21_f01_log_init,p21_f01_log_init,DONOR,YES,NO
p15_reuse050,sealed_test,p21_f02_log_append,p21,p21_f02_log_append,p21_f02_log_append,DONOR,YES,NO
p15_reuse050,sealed_test,p21_f04_log_get_latest,p21,p21_f04_log_get_latest,p21_f04_log_get_latest,DONOR,YES,NO
p15_reuse050,sealed_test,p21_f07_log_filter_level,p21,p21_f07_log_filter_level,p21_f07_log_filter_level,DONOR,YES,NO
p15_reuse050,sealed_test,p21_f08_log_search_substring,p21,p21_f08_log_search_substring,p21_f08_log_search_substring,DONOR,YES,NO
p15_reuse050,sealed_test,p21_f13_log_filter_timestamp,p21,p21_f13_log_filter_timestamp,p21_f13_log_filter_timestamp,DONOR,YES,NO
p15_reuse050,sealed_test,p21_f15_log_export_stats,p21,p21_f15_log_export_stats,p21_f15_log_export_stats,DONOR,YES,NO
p15_reuse050,sealed_test,p21_f16_log_clear,p21,p21_f16_log_clear,p21_f16_log_clear,DONOR,YES,NO
p15_reuse075,sealed_test,p15_f01_fnv1_32,p15,p15_f01_fnv1_32,p15_f01_fnv1_32,QUERY_REUSED,YES,NO
p15_reuse075,sealed_test,p15_f03_fnv1_64,p15,p15_f03_fnv1_64,p15_f03_fnv1_64,QUERY_REUSED,YES,NO
p15_reuse075,sealed_test,p15_f04_fnv1a_64,p15,p15_f04_fnv1a_64,p15_f04_fnv1a_64,QUERY_REUSED,YES,NO
p15_reuse075,sealed_test,p15_f06_murmur3_32_fmix,p15,p15_f06_murmur3_32_fmix,p15_f06_murmur3_32_fmix,QUERY_REUSED,YES,NO
p15_reuse075,sealed_test,p15_f08_jenkins_one_at_a_time,p15,p15_f08_jenkins_one_at_a_time,p15_f08_jenkins_one_at_a_time,QUERY_REUSED,YES,NO
p15_reuse075,sealed_test,p15_f09_super_fast_hash,p15,p15_f09_super_fast_hash,p15_f09_super_fast_hash,QUERY_REUSED,YES,NO
p15_reuse075,sealed_test,p15_f10_elf_hash,p15,p15_f10_elf_hash,p15_f10_elf_hash,QUERY_REUSED,YES,NO
p15_reuse075,sealed_test,p15_f11_dek_hash,p15,p15_f11_dek_hash,p15_f11_dek_hash,QUERY_REUSED,YES,NO
p15_reuse075,sealed_test,p15_f13_ap_hash,p15,p15_f13_ap_hash,p15_f13_ap_hash,QUERY_REUSED,YES,NO
p15_reuse075,sealed_test,p15_f14_crc24_ble,p15,p15_f14_crc24_ble,p15_f14_crc24_ble,QUERY_REUSED,YES,NO
p15_reuse075,sealed_test,p15_f15_hash_combine64,p15,p15_f15_hash_combine64,p15_f15_hash_combine64,QUERY_REUSED,YES,NO
p15_reuse075,sealed_test,p15_f16_checksum_parity_byte,p15,p15_f16_checksum_parity_byte,p15_f16_checksum_parity_byte,QUERY_REUSED,YES,NO
p15_reuse075,sealed_test,p21_f01_log_init,p21,p21_f01_log_init,p21_f01_log_init,DONOR,YES,NO
p15_reuse075,sealed_test,p21_f06_log_count,p21,p21_f06_log_count,p21_f06_log_count,DONOR,YES,NO
p15_reuse075,sealed_test,p21_f09_log_checksum,p21,p21_f09_log_checksum,p21_f09_log_checksum,DONOR,YES,NO
p15_reuse075,sealed_test,p21_f12_rle_decompress,p21,p21_f12_rle_decompress,p21_f12_rle_decompress,DONOR,YES,NO
p15_reuse100,sealed_test,p15_f01_fnv1_32,p15,p15_f01_fnv1_32,p15_f01_fnv1_32,QUERY_REUSED,YES,NO
p15_reuse100,sealed_test,p15_f02_fnv1a_32,p15,p15_f02_fnv1a_32,p15_f02_fnv1a_32,QUERY_REUSED,YES,NO
p15_reuse100,sealed_test,p15_f03_fnv1_64,p15,p15_f03_fnv1_64,p15_f03_fnv1_64,QUERY_REUSED,YES,NO
p15_reuse100,sealed_test,p15_f04_fnv1a_64,p15,p15_f04_fnv1a_64,p15_f04_fnv1a_64,QUERY_REUSED,YES,NO
p15_reuse100,sealed_test,p15_f05_murmur3_32_scramble,p15,p15_f05_murmur3_32_scramble,p15_f05_murmur3_32_scramble,QUERY_REUSED,YES,NO
p15_reuse100,sealed_test,p15_f06_murmur3_32_fmix,p15,p15_f06_murmur3_32_fmix,p15_f06_murmur3_32_fmix,QUERY_REUSED,YES,NO
p15_reuse100,sealed_test,p15_f07_murmur3_32,p15,p15_f07_murmur3_32,p15_f07_murmur3_32,QUERY_REUSED,YES,NO
p15_reuse100,sealed_test,p15_f08_jenkins_one_at_a_time,p15,p15_f08_jenkins_one_at_a_time,p15_f08_jenkins_one_at_a_time,QUERY_REUSED,YES,NO
p15_reuse100,sealed_test,p15_f09_super_fast_hash,p15,p15_f09_super_fast_hash,p15_f09_super_fast_hash,QUERY_REUSED,YES,NO
p15_reuse100,sealed_test,p15_f10_elf_hash,p15,p15_f10_elf_hash,p15_f10_elf_hash,QUERY_REUSED,YES,NO
p15_reuse100,sealed_test,p15_f11_dek_hash,p15,p15_f11_dek_hash,p15_f11_dek_hash,QUERY_REUSED,YES,NO
p15_reuse100,sealed_test,p15_f12_bp_hash,p15,p15_f12_bp_hash,p15_f12_bp_hash,QUERY_REUSED,YES,NO
p15_reuse100,sealed_test,p15_f13_ap_hash,p15,p15_f13_ap_hash,p15_f13_ap_hash,QUERY_REUSED,YES,NO
p15_reuse100,sealed_test,p15_f14_crc24_ble,p15,p15_f14_crc24_ble,p15_f14_crc24_ble,QUERY_REUSED,YES,NO
p15_reuse100,sealed_test,p15_f15_hash_combine64,p15,p15_f15_hash_combine64,p15_f15_hash_combine64,QUERY_REUSED,YES,NO
p15_reuse100,sealed_test,p15_f16_checksum_parity_byte,p15,p15_f16_checksum_parity_byte,p15_f16_checksum_parity_byte,QUERY_REUSED,YES,NO
p16_reuse000,sealed_test,p15_f01_fnv1_32,p15,p15_f01_fnv1_32,p15_f01_fnv1_32,DONOR,YES,NO
p16_reuse000,sealed_test,p15_f02_fnv1a_32,p15,p15_f02_fnv1a_32,p15_f02_fnv1a_32,DONOR,YES,NO
p16_reuse000,sealed_test,p15_f03_fnv1_64,p15,p15_f03_fnv1_64,p15_f03_fnv1_64,DONOR,YES,NO
p16_reuse000,sealed_test,p15_f04_fnv1a_64,p15,p15_f04_fnv1a_64,p15_f04_fnv1a_64,DONOR,YES,NO
p16_reuse000,sealed_test,p15_f05_murmur3_32_scramble,p15,p15_f05_murmur3_32_scramble,p15_f05_murmur3_32_scramble,DONOR,YES,NO
p16_reuse000,sealed_test,p15_f06_murmur3_32_fmix,p15,p15_f06_murmur3_32_fmix,p15_f06_murmur3_32_fmix,DONOR,YES,NO
p16_reuse000,sealed_test,p15_f07_murmur3_32,p15,p15_f07_murmur3_32,p15_f07_murmur3_32,DONOR,YES,NO
p16_reuse000,sealed_test,p15_f08_jenkins_one_at_a_time,p15,p15_f08_jenkins_one_at_a_time,p15_f08_jenkins_one_at_a_time,DONOR,YES,NO
p16_reuse000,sealed_test,p15_f09_super_fast_hash,p15,p15_f09_super_fast_hash,p15_f09_super_fast_hash,DONOR,YES,NO
p16_reuse000,sealed_test,p15_f10_elf_hash,p15,p15_f10_elf_hash,p15_f10_elf_hash,DONOR,YES,NO
p16_reuse000,sealed_test,p15_f11_dek_hash,p15,p15_f11_dek_hash,p15_f11_dek_hash,DONOR,YES,NO
p16_reuse000,sealed_test,p15_f12_bp_hash,p15,p15_f12_bp_hash,p15_f12_bp_hash,DONOR,YES,NO
p16_reuse000,sealed_test,p15_f13_ap_hash,p15,p15_f13_ap_hash,p15_f13_ap_hash,DONOR,YES,NO
p16_reuse000,sealed_test,p15_f14_crc24_ble,p15,p15_f14_crc24_ble,p15_f14_crc24_ble,DONOR,YES,NO
p16_reuse000,sealed_test,p15_f15_hash_combine64,p15,p15_f15_hash_combine64,p15_f15_hash_combine64,DONOR,YES,NO
p16_reuse000,sealed_test,p15_f16_checksum_parity_byte,p15,p15_f16_checksum_parity_byte,p15_f16_checksum_parity_byte,DONOR,YES,NO
p16_reuse025,sealed_test,p16_f01_btree_init,p16,p16_f01_btree_init,p16_f01_btree_init,QUERY_REUSED,YES,NO
p16_reuse025,sealed_test,p16_f03_btree_node_is_full,p16,p16_f03_btree_node_is_full,p16_f03_btree_node_is_full,QUERY_REUSED,YES,NO
p16_reuse025,sealed_test,p16_f11_btree_depth,p16,p16_f11_btree_depth,p16_f11_btree_depth,QUERY_REUSED,YES,NO
p16_reuse025,sealed_test,p16_f13_btree_max_key,p16,p16_f13_btree_max_key,p16_f13_btree_max_key,QUERY_REUSED,YES,NO
p16_reuse025,sealed_test,p15_f01_fnv1_32,p15,p15_f01_fnv1_32,p15_f01_fnv1_32,DONOR,YES,NO
p16_reuse025,sealed_test,p15_f02_fnv1a_32,p15,p15_f02_fnv1a_32,p15_f02_fnv1a_32,DONOR,YES,NO
p16_reuse025,sealed_test,p15_f03_fnv1_64,p15,p15_f03_fnv1_64,p15_f03_fnv1_64,DONOR,YES,NO
p16_reuse025,sealed_test,p15_f04_fnv1a_64,p15,p15_f04_fnv1a_64,p15_f04_fnv1a_64,DONOR,YES,NO
p16_reuse025,sealed_test,p15_f05_murmur3_32_scramble,p15,p15_f05_murmur3_32_scramble,p15_f05_murmur3_32_scramble,DONOR,YES,NO
p16_reuse025,sealed_test,p15_f06_murmur3_32_fmix,p15,p15_f06_murmur3_32_fmix,p15_f06_murmur3_32_fmix,DONOR,YES,NO
p16_reuse025,sealed_test,p15_f08_jenkins_one_at_a_time,p15,p15_f08_jenkins_one_at_a_time,p15_f08_jenkins_one_at_a_time,DONOR,YES,NO
p16_reuse025,sealed_test,p15_f09_super_fast_hash,p15,p15_f09_super_fast_hash,p15_f09_super_fast_hash,DONOR,YES,NO
p16_reuse025,sealed_test,p15_f10_elf_hash,p15,p15_f10_elf_hash,p15_f10_elf_hash,DONOR,YES,NO
p16_reuse025,sealed_test,p15_f13_ap_hash,p15,p15_f13_ap_hash,p15_f13_ap_hash,DONOR,YES,NO
p16_reuse025,sealed_test,p15_f15_hash_combine64,p15,p15_f15_hash_combine64,p15_f15_hash_combine64,DONOR,YES,NO
p16_reuse025,sealed_test,p15_f16_checksum_parity_byte,p15,p15_f16_checksum_parity_byte,p15_f16_checksum_parity_byte,DONOR,YES,NO
p16_reuse050,sealed_test,p16_f01_btree_init,p16,p16_f01_btree_init,p16_f01_btree_init,QUERY_REUSED,YES,NO
p16_reuse050,sealed_test,p16_f02_btree_alloc_node,p16,p16_f02_btree_alloc_node,p16_f02_btree_alloc_node,QUERY_REUSED,YES,NO
p16_reuse050,sealed_test,p16_f03_btree_node_is_full,p16,p16_f03_btree_node_is_full,p16_f03_btree_node_is_full,QUERY_REUSED,YES,NO
p16_reuse050,sealed_test,p16_f05_btree_split_child,p16,p16_f05_btree_split_child,p16_f05_btree_split_child,QUERY_REUSED,YES,NO
p16_reuse050,sealed_test,p16_f06_btree_insert_nonfull,p16,p16_f06_btree_insert_nonfull,p16_f06_btree_insert_nonfull,QUERY_REUSED,YES,NO
p16_reuse050,sealed_test,p16_f07_btree_insert,p16,p16_f07_btree_insert,p16_f07_btree_insert,QUERY_REUSED,YES,NO
p16_reuse050,sealed_test,p16_f09_btree_traverse,p16,p16_f09_btree_traverse,p16_f09_btree_traverse,QUERY_REUSED,YES,NO
p16_reuse050,sealed_test,p16_f11_btree_depth,p16,p16_f11_btree_depth,p16_f11_btree_depth,QUERY_REUSED,YES,NO
p16_reuse050,sealed_test,p15_f02_fnv1a_32,p15,p15_f02_fnv1a_32,p15_f02_fnv1a_32,DONOR,YES,NO
p16_reuse050,sealed_test,p15_f04_fnv1a_64,p15,p15_f04_fnv1a_64,p15_f04_fnv1a_64,DONOR,YES,NO
p16_reuse050,sealed_test,p15_f05_murmur3_32_scramble,p15,p15_f05_murmur3_32_scramble,p15_f05_murmur3_32_scramble,DONOR,YES,NO
p16_reuse050,sealed_test,p15_f06_murmur3_32_fmix,p15,p15_f06_murmur3_32_fmix,p15_f06_murmur3_32_fmix,DONOR,YES,NO
p16_reuse050,sealed_test,p15_f08_jenkins_one_at_a_time,p15,p15_f08_jenkins_one_at_a_time,p15_f08_jenkins_one_at_a_time,DONOR,YES,NO
p16_reuse050,sealed_test,p15_f09_super_fast_hash,p15,p15_f09_super_fast_hash,p15_f09_super_fast_hash,DONOR,YES,NO
p16_reuse050,sealed_test,p15_f13_ap_hash,p15,p15_f13_ap_hash,p15_f13_ap_hash,DONOR,YES,NO
p16_reuse050,sealed_test,p15_f15_hash_combine64,p15,p15_f15_hash_combine64,p15_f15_hash_combine64,DONOR,YES,NO
p16_reuse075,sealed_test,p16_f02_btree_alloc_node,p16,p16_f02_btree_alloc_node,p16_f02_btree_alloc_node,QUERY_REUSED,YES,NO
p16_reuse075,sealed_test,p16_f03_btree_node_is_full,p16,p16_f03_btree_node_is_full,p16_f03_btree_node_is_full,QUERY_REUSED,YES,NO
p16_reuse075,sealed_test,p16_f04_btree_find_key_idx,p16,p16_f04_btree_find_key_idx,p16_f04_btree_find_key_idx,QUERY_REUSED,YES,NO
p16_reuse075,sealed_test,p16_f05_btree_split_child,p16,p16_f05_btree_split_child,p16_f05_btree_split_child,QUERY_REUSED,YES,NO
p16_reuse075,sealed_test,p16_f06_btree_insert_nonfull,p16,p16_f06_btree_insert_nonfull,p16_f06_btree_insert_nonfull,QUERY_REUSED,YES,NO
p16_reuse075,sealed_test,p16_f09_btree_traverse,p16,p16_f09_btree_traverse,p16_f09_btree_traverse,QUERY_REUSED,YES,NO
p16_reuse075,sealed_test,p16_f10_btree_count_keys,p16,p16_f10_btree_count_keys,p16_f10_btree_count_keys,QUERY_REUSED,YES,NO
p16_reuse075,sealed_test,p16_f11_btree_depth,p16,p16_f11_btree_depth,p16_f11_btree_depth,QUERY_REUSED,YES,NO
p16_reuse075,sealed_test,p16_f12_btree_min_key,p16,p16_f12_btree_min_key,p16_f12_btree_min_key,QUERY_REUSED,YES,NO
p16_reuse075,sealed_test,p16_f13_btree_max_key,p16,p16_f13_btree_max_key,p16_f13_btree_max_key,QUERY_REUSED,YES,NO
p16_reuse075,sealed_test,p16_f15_btree_is_valid_node,p16,p16_f15_btree_is_valid_node,p16_f15_btree_is_valid_node,QUERY_REUSED,YES,NO
p16_reuse075,sealed_test,p16_f16_btree_clear,p16,p16_f16_btree_clear,p16_f16_btree_clear,QUERY_REUSED,YES,NO
p16_reuse075,sealed_test,p15_f02_fnv1a_32,p15,p15_f02_fnv1a_32,p15_f02_fnv1a_32,DONOR,YES,NO
p16_reuse075,sealed_test,p15_f04_fnv1a_64,p15,p15_f04_fnv1a_64,p15_f04_fnv1a_64,DONOR,YES,NO
p16_reuse075,sealed_test,p15_f13_ap_hash,p15,p15_f13_ap_hash,p15_f13_ap_hash,DONOR,YES,NO
p16_reuse075,sealed_test,p15_f15_hash_combine64,p15,p15_f15_hash_combine64,p15_f15_hash_combine64,DONOR,YES,NO
p16_reuse100,sealed_test,p16_f01_btree_init,p16,p16_f01_btree_init,p16_f01_btree_init,QUERY_REUSED,YES,NO
p16_reuse100,sealed_test,p16_f02_btree_alloc_node,p16,p16_f02_btree_alloc_node,p16_f02_btree_alloc_node,QUERY_REUSED,YES,NO
p16_reuse100,sealed_test,p16_f03_btree_node_is_full,p16,p16_f03_btree_node_is_full,p16_f03_btree_node_is_full,QUERY_REUSED,YES,NO
p16_reuse100,sealed_test,p16_f04_btree_find_key_idx,p16,p16_f04_btree_find_key_idx,p16_f04_btree_find_key_idx,QUERY_REUSED,YES,NO
p16_reuse100,sealed_test,p16_f05_btree_split_child,p16,p16_f05_btree_split_child,p16_f05_btree_split_child,QUERY_REUSED,YES,NO
p16_reuse100,sealed_test,p16_f06_btree_insert_nonfull,p16,p16_f06_btree_insert_nonfull,p16_f06_btree_insert_nonfull,QUERY_REUSED,YES,NO
p16_reuse100,sealed_test,p16_f07_btree_insert,p16,p16_f07_btree_insert,p16_f07_btree_insert,QUERY_REUSED,YES,NO
p16_reuse100,sealed_test,p16_f08_btree_search,p16,p16_f08_btree_search,p16_f08_btree_search,QUERY_REUSED,YES,NO
p16_reuse100,sealed_test,p16_f09_btree_traverse,p16,p16_f09_btree_traverse,p16_f09_btree_traverse,QUERY_REUSED,YES,NO
p16_reuse100,sealed_test,p16_f10_btree_count_keys,p16,p16_f10_btree_count_keys,p16_f10_btree_count_keys,QUERY_REUSED,YES,NO
p16_reuse100,sealed_test,p16_f11_btree_depth,p16,p16_f11_btree_depth,p16_f11_btree_depth,QUERY_REUSED,YES,NO
p16_reuse100,sealed_test,p16_f12_btree_min_key,p16,p16_f12_btree_min_key,p16_f12_btree_min_key,QUERY_REUSED,YES,NO
p16_reuse100,sealed_test,p16_f13_btree_max_key,p16,p16_f13_btree_max_key,p16_f13_btree_max_key,QUERY_REUSED,YES,NO
p16_reuse100,sealed_test,p16_f14_btree_contains,p16,p16_f14_btree_contains,p16_f14_btree_contains,QUERY_REUSED,YES,NO
p16_reuse100,sealed_test,p16_f15_btree_is_valid_node,p16,p16_f15_btree_is_valid_node,p16_f15_btree_is_valid_node,QUERY_REUSED,YES,NO
p16_reuse100,sealed_test,p16_f16_btree_clear,p16,p16_f16_btree_clear,p16_f16_btree_clear,QUERY_REUSED,YES,NO
p17_reuse000,sealed_test,p16_f01_btree_init,p16,p16_f01_btree_init,p16_f01_btree_init,DONOR,YES,NO
p17_reuse000,sealed_test,p16_f02_btree_alloc_node,p16,p16_f02_btree_alloc_node,p16_f02_btree_alloc_node,DONOR,YES,NO
p17_reuse000,sealed_test,p16_f03_btree_node_is_full,p16,p16_f03_btree_node_is_full,p16_f03_btree_node_is_full,DONOR,YES,NO
p17_reuse000,sealed_test,p16_f04_btree_find_key_idx,p16,p16_f04_btree_find_key_idx,p16_f04_btree_find_key_idx,DONOR,YES,NO
p17_reuse000,sealed_test,p16_f05_btree_split_child,p16,p16_f05_btree_split_child,p16_f05_btree_split_child,DONOR,YES,NO
p17_reuse000,sealed_test,p16_f06_btree_insert_nonfull,p16,p16_f06_btree_insert_nonfull,p16_f06_btree_insert_nonfull,DONOR,YES,NO
p17_reuse000,sealed_test,p16_f07_btree_insert,p16,p16_f07_btree_insert,p16_f07_btree_insert,DONOR,YES,NO
p17_reuse000,sealed_test,p16_f08_btree_search,p16,p16_f08_btree_search,p16_f08_btree_search,DONOR,YES,NO
p17_reuse000,sealed_test,p16_f09_btree_traverse,p16,p16_f09_btree_traverse,p16_f09_btree_traverse,DONOR,YES,NO
p17_reuse000,sealed_test,p16_f10_btree_count_keys,p16,p16_f10_btree_count_keys,p16_f10_btree_count_keys,DONOR,YES,NO
p17_reuse000,sealed_test,p16_f11_btree_depth,p16,p16_f11_btree_depth,p16_f11_btree_depth,DONOR,YES,NO
p17_reuse000,sealed_test,p16_f12_btree_min_key,p16,p16_f12_btree_min_key,p16_f12_btree_min_key,DONOR,YES,NO
p17_reuse000,sealed_test,p16_f13_btree_max_key,p16,p16_f13_btree_max_key,p16_f13_btree_max_key,DONOR,YES,NO
p17_reuse000,sealed_test,p16_f14_btree_contains,p16,p16_f14_btree_contains,p16_f14_btree_contains,DONOR,YES,NO
p17_reuse000,sealed_test,p16_f15_btree_is_valid_node,p16,p16_f15_btree_is_valid_node,p16_f15_btree_is_valid_node,DONOR,YES,NO
p17_reuse000,sealed_test,p16_f16_btree_clear,p16,p16_f16_btree_clear,p16_f16_btree_clear,DONOR,YES,NO
p17_reuse025,sealed_test,p17_f01_tok_init,p17,p17_f01_tok_init,p17_f01_tok_init,QUERY_REUSED,YES,NO
p17_reuse025,sealed_test,p17_f03_parse_string,p17,p17_f03_parse_string,p17_f03_parse_string,QUERY_REUSED,YES,NO
p17_reuse025,sealed_test,p17_f04_parse_number,p17,p17_f04_parse_number,p17_f04_parse_number,QUERY_REUSED,YES,NO
p17_reuse025,sealed_test,p17_f09_validate_brackets,p17,p17_f09_validate_brackets,p17_f09_validate_brackets,QUERY_REUSED,YES,NO
p17_reuse025,sealed_test,p16_f01_btree_init,p16,p16_f01_btree_init,p16_f01_btree_init,DONOR,YES,NO
p17_reuse025,sealed_test,p16_f02_btree_alloc_node,p16,p16_f02_btree_alloc_node,p16_f02_btree_alloc_node,DONOR,YES,NO
p17_reuse025,sealed_test,p16_f03_btree_node_is_full,p16,p16_f03_btree_node_is_full,p16_f03_btree_node_is_full,DONOR,YES,NO
p17_reuse025,sealed_test,p16_f04_btree_find_key_idx,p16,p16_f04_btree_find_key_idx,p16_f04_btree_find_key_idx,DONOR,YES,NO
p17_reuse025,sealed_test,p16_f08_btree_search,p16,p16_f08_btree_search,p16_f08_btree_search,DONOR,YES,NO
p17_reuse025,sealed_test,p16_f09_btree_traverse,p16,p16_f09_btree_traverse,p16_f09_btree_traverse,DONOR,YES,NO
p17_reuse025,sealed_test,p16_f10_btree_count_keys,p16,p16_f10_btree_count_keys,p16_f10_btree_count_keys,DONOR,YES,NO
p17_reuse025,sealed_test,p16_f11_btree_depth,p16,p16_f11_btree_depth,p16_f11_btree_depth,DONOR,YES,NO
p17_reuse025,sealed_test,p16_f13_btree_max_key,p16,p16_f13_btree_max_key,p16_f13_btree_max_key,DONOR,YES,NO
p17_reuse025,sealed_test,p16_f14_btree_contains,p16,p16_f14_btree_contains,p16_f14_btree_contains,DONOR,YES,NO
p17_reuse025,sealed_test,p16_f15_btree_is_valid_node,p16,p16_f15_btree_is_valid_node,p16_f15_btree_is_valid_node,DONOR,YES,NO
p17_reuse025,sealed_test,p16_f16_btree_clear,p16,p16_f16_btree_clear,p16_f16_btree_clear,DONOR,YES,NO
p17_reuse050,sealed_test,p17_f01_tok_init,p17,p17_f01_tok_init,p17_f01_tok_init,QUERY_REUSED,YES,NO
p17_reuse050,sealed_test,p17_f02_skip_whitespace,p17,p17_f02_skip_whitespace,p17_f02_skip_whitespace,QUERY_REUSED,YES,NO
p17_reuse050,sealed_test,p17_f05_parse_literal,p17,p17_f05_parse_literal,p17_f05_parse_literal,QUERY_REUSED,YES,NO
p17_reuse050,sealed_test,p17_f09_validate_brackets,p17,p17_f09_validate_brackets,p17_f09_validate_brackets,QUERY_REUSED,YES,NO
p17_reuse050,sealed_test,p17_f13_extract_string_value,p17,p17_f13_extract_string_value,p17_f13_extract_string_value,QUERY_REUSED,YES,NO
p17_reuse050,sealed_test,p17_f14_is_valid_number,p17,p17_f14_is_valid_number,p17_f14_is_valid_number,QUERY_REUSED,YES,NO
p17_reuse050,sealed_test,p17_f15_parse_integer,p17,p17_f15_parse_integer,p17_f15_parse_integer,QUERY_REUSED,YES,NO
p17_reuse050,sealed_test,p17_f16_tok_reset,p17,p17_f16_tok_reset,p17_f16_tok_reset,QUERY_REUSED,YES,NO
p17_reuse050,sealed_test,p16_f01_btree_init,p16,p16_f01_btree_init,p16_f01_btree_init,DONOR,YES,NO
p17_reuse050,sealed_test,p16_f02_btree_alloc_node,p16,p16_f02_btree_alloc_node,p16_f02_btree_alloc_node,DONOR,YES,NO
p17_reuse050,sealed_test,p16_f03_btree_node_is_full,p16,p16_f03_btree_node_is_full,p16_f03_btree_node_is_full,DONOR,YES,NO
p17_reuse050,sealed_test,p16_f04_btree_find_key_idx,p16,p16_f04_btree_find_key_idx,p16_f04_btree_find_key_idx,DONOR,YES,NO
p17_reuse050,sealed_test,p16_f05_btree_split_child,p16,p16_f05_btree_split_child,p16_f05_btree_split_child,DONOR,YES,NO
p17_reuse050,sealed_test,p16_f09_btree_traverse,p16,p16_f09_btree_traverse,p16_f09_btree_traverse,DONOR,YES,NO
p17_reuse050,sealed_test,p16_f13_btree_max_key,p16,p16_f13_btree_max_key,p16_f13_btree_max_key,DONOR,YES,NO
p17_reuse050,sealed_test,p16_f15_btree_is_valid_node,p16,p16_f15_btree_is_valid_node,p16_f15_btree_is_valid_node,DONOR,YES,NO
p17_reuse075,sealed_test,p17_f01_tok_init,p17,p17_f01_tok_init,p17_f01_tok_init,QUERY_REUSED,YES,NO
p17_reuse075,sealed_test,p17_f02_skip_whitespace,p17,p17_f02_skip_whitespace,p17_f02_skip_whitespace,QUERY_REUSED,YES,NO
p17_reuse075,sealed_test,p17_f03_parse_string,p17,p17_f03_parse_string,p17_f03_parse_string,QUERY_REUSED,YES,NO
p17_reuse075,sealed_test,p17_f04_parse_number,p17,p17_f04_parse_number,p17_f04_parse_number,QUERY_REUSED,YES,NO
p17_reuse075,sealed_test,p17_f05_parse_literal,p17,p17_f05_parse_literal,p17_f05_parse_literal,QUERY_REUSED,YES,NO
p17_reuse075,sealed_test,p17_f06_next_token,p17,p17_f06_next_token,p17_f06_next_token,QUERY_REUSED,YES,NO
p17_reuse075,sealed_test,p17_f08_consume_expected,p17,p17_f08_consume_expected,p17_f08_consume_expected,QUERY_REUSED,YES,NO
p17_reuse075,sealed_test,p17_f09_validate_brackets,p17,p17_f09_validate_brackets,p17_f09_validate_brackets,QUERY_REUSED,YES,NO
p17_reuse075,sealed_test,p17_f10_minify_json,p17,p17_f10_minify_json,p17_f10_minify_json,QUERY_REUSED,YES,NO
p17_reuse075,sealed_test,p17_f12_find_key_in_object,p17,p17_f12_find_key_in_object,p17_f12_find_key_in_object,QUERY_REUSED,YES,NO
p17_reuse075,sealed_test,p17_f14_is_valid_number,p17,p17_f14_is_valid_number,p17_f14_is_valid_number,QUERY_REUSED,YES,NO
p17_reuse075,sealed_test,p17_f16_tok_reset,p17,p17_f16_tok_reset,p17_f16_tok_reset,QUERY_REUSED,YES,NO
p17_reuse075,sealed_test,p16_f01_btree_init,p16,p16_f01_btree_init,p16_f01_btree_init,DONOR,YES,NO
p17_reuse075,sealed_test,p16_f04_btree_find_key_idx,p16,p16_f04_btree_find_key_idx,p16_f04_btree_find_key_idx,DONOR,YES,NO
p17_reuse075,sealed_test,p16_f11_btree_depth,p16,p16_f11_btree_depth,p16_f11_btree_depth,DONOR,YES,NO
p17_reuse075,sealed_test,p16_f15_btree_is_valid_node,p16,p16_f15_btree_is_valid_node,p16_f15_btree_is_valid_node,DONOR,YES,NO
p17_reuse100,sealed_test,p17_f01_tok_init,p17,p17_f01_tok_init,p17_f01_tok_init,QUERY_REUSED,YES,NO
p17_reuse100,sealed_test,p17_f02_skip_whitespace,p17,p17_f02_skip_whitespace,p17_f02_skip_whitespace,QUERY_REUSED,YES,NO
p17_reuse100,sealed_test,p17_f03_parse_string,p17,p17_f03_parse_string,p17_f03_parse_string,QUERY_REUSED,YES,NO
p17_reuse100,sealed_test,p17_f04_parse_number,p17,p17_f04_parse_number,p17_f04_parse_number,QUERY_REUSED,YES,NO
p17_reuse100,sealed_test,p17_f05_parse_literal,p17,p17_f05_parse_literal,p17_f05_parse_literal,QUERY_REUSED,YES,NO
p17_reuse100,sealed_test,p17_f06_next_token,p17,p17_f06_next_token,p17_f06_next_token,QUERY_REUSED,YES,NO
p17_reuse100,sealed_test,p17_f07_peek_token,p17,p17_f07_peek_token,p17_f07_peek_token,QUERY_REUSED,YES,NO
p17_reuse100,sealed_test,p17_f08_consume_expected,p17,p17_f08_consume_expected,p17_f08_consume_expected,QUERY_REUSED,YES,NO
p17_reuse100,sealed_test,p17_f09_validate_brackets,p17,p17_f09_validate_brackets,p17_f09_validate_brackets,QUERY_REUSED,YES,NO
p17_reuse100,sealed_test,p17_f10_minify_json,p17,p17_f10_minify_json,p17_f10_minify_json,QUERY_REUSED,YES,NO
p17_reuse100,sealed_test,p17_f11_count_tokens_by_type,p17,p17_f11_count_tokens_by_type,p17_f11_count_tokens_by_type,QUERY_REUSED,YES,NO
p17_reuse100,sealed_test,p17_f12_find_key_in_object,p17,p17_f12_find_key_in_object,p17_f12_find_key_in_object,QUERY_REUSED,YES,NO
p17_reuse100,sealed_test,p17_f13_extract_string_value,p17,p17_f13_extract_string_value,p17_f13_extract_string_value,QUERY_REUSED,YES,NO
p17_reuse100,sealed_test,p17_f14_is_valid_number,p17,p17_f14_is_valid_number,p17_f14_is_valid_number,QUERY_REUSED,YES,NO
p17_reuse100,sealed_test,p17_f15_parse_integer,p17,p17_f15_parse_integer,p17_f15_parse_integer,QUERY_REUSED,YES,NO
p17_reuse100,sealed_test,p17_f16_tok_reset,p17,p17_f16_tok_reset,p17_f16_tok_reset,QUERY_REUSED,YES,NO
p18_reuse000,sealed_test,p17_f01_tok_init,p17,p17_f01_tok_init,p17_f01_tok_init,DONOR,YES,NO
p18_reuse000,sealed_test,p17_f02_skip_whitespace,p17,p17_f02_skip_whitespace,p17_f02_skip_whitespace,DONOR,YES,NO
p18_reuse000,sealed_test,p17_f03_parse_string,p17,p17_f03_parse_string,p17_f03_parse_string,DONOR,YES,NO
p18_reuse000,sealed_test,p17_f04_parse_number,p17,p17_f04_parse_number,p17_f04_parse_number,DONOR,YES,NO
p18_reuse000,sealed_test,p17_f05_parse_literal,p17,p17_f05_parse_literal,p17_f05_parse_literal,DONOR,YES,NO
p18_reuse000,sealed_test,p17_f06_next_token,p17,p17_f06_next_token,p17_f06_next_token,DONOR,YES,NO
p18_reuse000,sealed_test,p17_f07_peek_token,p17,p17_f07_peek_token,p17_f07_peek_token,DONOR,YES,NO
p18_reuse000,sealed_test,p17_f08_consume_expected,p17,p17_f08_consume_expected,p17_f08_consume_expected,DONOR,YES,NO
p18_reuse000,sealed_test,p17_f09_validate_brackets,p17,p17_f09_validate_brackets,p17_f09_validate_brackets,DONOR,YES,NO
p18_reuse000,sealed_test,p17_f10_minify_json,p17,p17_f10_minify_json,p17_f10_minify_json,DONOR,YES,NO
p18_reuse000,sealed_test,p17_f11_count_tokens_by_type,p17,p17_f11_count_tokens_by_type,p17_f11_count_tokens_by_type,DONOR,YES,NO
p18_reuse000,sealed_test,p17_f12_find_key_in_object,p17,p17_f12_find_key_in_object,p17_f12_find_key_in_object,DONOR,YES,NO
p18_reuse000,sealed_test,p17_f13_extract_string_value,p17,p17_f13_extract_string_value,p17_f13_extract_string_value,DONOR,YES,NO
p18_reuse000,sealed_test,p17_f14_is_valid_number,p17,p17_f14_is_valid_number,p17_f14_is_valid_number,DONOR,YES,NO
p18_reuse000,sealed_test,p17_f15_parse_integer,p17,p17_f15_parse_integer,p17_f15_parse_integer,DONOR,YES,NO
p18_reuse000,sealed_test,p17_f16_tok_reset,p17,p17_f16_tok_reset,p17_f16_tok_reset,DONOR,YES,NO
p18_reuse025,sealed_test,p18_f01_vec_mean,p18,p18_f01_vec_mean,p18_f01_vec_mean,QUERY_REUSED,YES,NO
p18_reuse025,sealed_test,p18_f02_vec_variance,p18,p18_f02_vec_variance,p18_f02_vec_variance,QUERY_REUSED,YES,NO
p18_reuse025,sealed_test,p18_f13_vec_median,p18,p18_f13_vec_median,p18_f13_vec_median,QUERY_REUSED,YES,NO
p18_reuse025,sealed_test,p18_f14_vec_quantile,p18,p18_f14_vec_quantile,p18_f14_vec_quantile,QUERY_REUSED,YES,NO
p18_reuse025,sealed_test,p17_f01_tok_init,p17,p17_f01_tok_init,p17_f01_tok_init,DONOR,YES,NO
p18_reuse025,sealed_test,p17_f02_skip_whitespace,p17,p17_f02_skip_whitespace,p17_f02_skip_whitespace,DONOR,YES,NO
p18_reuse025,sealed_test,p17_f03_parse_string,p17,p17_f03_parse_string,p17_f03_parse_string,DONOR,YES,NO
p18_reuse025,sealed_test,p17_f04_parse_number,p17,p17_f04_parse_number,p17_f04_parse_number,DONOR,YES,NO
p18_reuse025,sealed_test,p17_f05_parse_literal,p17,p17_f05_parse_literal,p17_f05_parse_literal,DONOR,YES,NO
p18_reuse025,sealed_test,p17_f06_next_token,p17,p17_f06_next_token,p17_f06_next_token,DONOR,YES,NO
p18_reuse025,sealed_test,p17_f08_consume_expected,p17,p17_f08_consume_expected,p17_f08_consume_expected,DONOR,YES,NO
p18_reuse025,sealed_test,p17_f09_validate_brackets,p17,p17_f09_validate_brackets,p17_f09_validate_brackets,DONOR,YES,NO
p18_reuse025,sealed_test,p17_f10_minify_json,p17,p17_f10_minify_json,p17_f10_minify_json,DONOR,YES,NO
p18_reuse025,sealed_test,p17_f11_count_tokens_by_type,p17,p17_f11_count_tokens_by_type,p17_f11_count_tokens_by_type,DONOR,YES,NO
p18_reuse025,sealed_test,p17_f14_is_valid_number,p17,p17_f14_is_valid_number,p17_f14_is_valid_number,DONOR,YES,NO
p18_reuse025,sealed_test,p17_f15_parse_integer,p17,p17_f15_parse_integer,p17_f15_parse_integer,DONOR,YES,NO
p18_reuse050,sealed_test,p18_f01_vec_mean,p18,p18_f01_vec_mean,p18_f01_vec_mean,QUERY_REUSED,YES,NO
p18_reuse050,sealed_test,p18_f02_vec_variance,p18,p18_f02_vec_variance,p18_f02_vec_variance,QUERY_REUSED,YES,NO
p18_reuse050,sealed_test,p18_f04_vec_min_max,p18,p18_f04_vec_min_max,p18_f04_vec_min_max,QUERY_REUSED,YES,NO
p18_reuse050,sealed_test,p18_f05_vec_dot_product,p18,p18_f05_vec_dot_product,p18_f05_vec_dot_product,QUERY_REUSED,YES,NO
p18_reuse050,sealed_test,p18_f07_vec_l2_norm,p18,p18_f07_vec_l2_norm,p18_f07_vec_l2_norm,QUERY_REUSED,YES,NO
p18_reuse050,sealed_test,p18_f12_vec_histogram,p18,p18_f12_vec_histogram,p18_f12_vec_histogram,QUERY_REUSED,YES,NO
p18_reuse050,sealed_test,p18_f14_vec_quantile,p18,p18_f14_vec_quantile,p18_f14_vec_quantile,QUERY_REUSED,YES,NO
p18_reuse050,sealed_test,p18_f16_vec_scale_add,p18,p18_f16_vec_scale_add,p18_f16_vec_scale_add,QUERY_REUSED,YES,NO
p18_reuse050,sealed_test,p17_f01_tok_init,p17,p17_f01_tok_init,p17_f01_tok_init,DONOR,YES,NO
p18_reuse050,sealed_test,p17_f02_skip_whitespace,p17,p17_f02_skip_whitespace,p17_f02_skip_whitespace,DONOR,YES,NO
p18_reuse050,sealed_test,p17_f03_parse_string,p17,p17_f03_parse_string,p17_f03_parse_string,DONOR,YES,NO
p18_reuse050,sealed_test,p17_f04_parse_number,p17,p17_f04_parse_number,p17_f04_parse_number,DONOR,YES,NO
p18_reuse050,sealed_test,p17_f05_parse_literal,p17,p17_f05_parse_literal,p17_f05_parse_literal,DONOR,YES,NO
p18_reuse050,sealed_test,p17_f10_minify_json,p17,p17_f10_minify_json,p17_f10_minify_json,DONOR,YES,NO
p18_reuse050,sealed_test,p17_f13_extract_string_value,p17,p17_f13_extract_string_value,p17_f13_extract_string_value,DONOR,YES,NO
p18_reuse050,sealed_test,p17_f15_parse_integer,p17,p17_f15_parse_integer,p17_f15_parse_integer,DONOR,YES,NO
p18_reuse075,sealed_test,p18_f01_vec_mean,p18,p18_f01_vec_mean,p18_f01_vec_mean,QUERY_REUSED,YES,NO
p18_reuse075,sealed_test,p18_f02_vec_variance,p18,p18_f02_vec_variance,p18_f02_vec_variance,QUERY_REUSED,YES,NO
p18_reuse075,sealed_test,p18_f03_vec_stddev,p18,p18_f03_vec_stddev,p18_f03_vec_stddev,QUERY_REUSED,YES,NO
p18_reuse075,sealed_test,p18_f05_vec_dot_product,p18,p18_f05_vec_dot_product,p18_f05_vec_dot_product,QUERY_REUSED,YES,NO
p18_reuse075,sealed_test,p18_f07_vec_l2_norm,p18,p18_f07_vec_l2_norm,p18_f07_vec_l2_norm,QUERY_REUSED,YES,NO
p18_reuse075,sealed_test,p18_f09_vec_normalize,p18,p18_f09_vec_normalize,p18_f09_vec_normalize,QUERY_REUSED,YES,NO
p18_reuse075,sealed_test,p18_f10_vec_pearson_corr,p18,p18_f10_vec_pearson_corr,p18_f10_vec_pearson_corr,QUERY_REUSED,YES,NO
p18_reuse075,sealed_test,p18_f11_vec_z_score,p18,p18_f11_vec_z_score,p18_f11_vec_z_score,QUERY_REUSED,YES,NO
p18_reuse075,sealed_test,p18_f12_vec_histogram,p18,p18_f12_vec_histogram,p18_f12_vec_histogram,QUERY_REUSED,YES,NO
p18_reuse075,sealed_test,p18_f13_vec_median,p18,p18_f13_vec_median,p18_f13_vec_median,QUERY_REUSED,YES,NO
p18_reuse075,sealed_test,p18_f15_vec_covariance,p18,p18_f15_vec_covariance,p18_f15_vec_covariance,QUERY_REUSED,YES,NO
p18_reuse075,sealed_test,p18_f16_vec_scale_add,p18,p18_f16_vec_scale_add,p18_f16_vec_scale_add,QUERY_REUSED,YES,NO
p18_reuse075,sealed_test,p17_f01_tok_init,p17,p17_f01_tok_init,p17_f01_tok_init,DONOR,YES,NO
p18_reuse075,sealed_test,p17_f05_parse_literal,p17,p17_f05_parse_literal,p17_f05_parse_literal,DONOR,YES,NO
p18_reuse075,sealed_test,p17_f13_extract_string_value,p17,p17_f13_extract_string_value,p17_f13_extract_string_value,DONOR,YES,NO
p18_reuse075,sealed_test,p17_f15_parse_integer,p17,p17_f15_parse_integer,p17_f15_parse_integer,DONOR,YES,NO
p18_reuse100,sealed_test,p18_f01_vec_mean,p18,p18_f01_vec_mean,p18_f01_vec_mean,QUERY_REUSED,YES,NO
p18_reuse100,sealed_test,p18_f02_vec_variance,p18,p18_f02_vec_variance,p18_f02_vec_variance,QUERY_REUSED,YES,NO
p18_reuse100,sealed_test,p18_f03_vec_stddev,p18,p18_f03_vec_stddev,p18_f03_vec_stddev,QUERY_REUSED,YES,NO
p18_reuse100,sealed_test,p18_f04_vec_min_max,p18,p18_f04_vec_min_max,p18_f04_vec_min_max,QUERY_REUSED,YES,NO
p18_reuse100,sealed_test,p18_f05_vec_dot_product,p18,p18_f05_vec_dot_product,p18_f05_vec_dot_product,QUERY_REUSED,YES,NO
p18_reuse100,sealed_test,p18_f06_vec_l1_norm,p18,p18_f06_vec_l1_norm,p18_f06_vec_l1_norm,QUERY_REUSED,YES,NO
p18_reuse100,sealed_test,p18_f07_vec_l2_norm,p18,p18_f07_vec_l2_norm,p18_f07_vec_l2_norm,QUERY_REUSED,YES,NO
p18_reuse100,sealed_test,p18_f08_vec_cosine_similarity,p18,p18_f08_vec_cosine_similarity,p18_f08_vec_cosine_similarity,QUERY_REUSED,YES,NO
p18_reuse100,sealed_test,p18_f09_vec_normalize,p18,p18_f09_vec_normalize,p18_f09_vec_normalize,QUERY_REUSED,YES,NO
p18_reuse100,sealed_test,p18_f10_vec_pearson_corr,p18,p18_f10_vec_pearson_corr,p18_f10_vec_pearson_corr,QUERY_REUSED,YES,NO
p18_reuse100,sealed_test,p18_f11_vec_z_score,p18,p18_f11_vec_z_score,p18_f11_vec_z_score,QUERY_REUSED,YES,NO
p18_reuse100,sealed_test,p18_f12_vec_histogram,p18,p18_f12_vec_histogram,p18_f12_vec_histogram,QUERY_REUSED,YES,NO
p18_reuse100,sealed_test,p18_f13_vec_median,p18,p18_f13_vec_median,p18_f13_vec_median,QUERY_REUSED,YES,NO
p18_reuse100,sealed_test,p18_f14_vec_quantile,p18,p18_f14_vec_quantile,p18_f14_vec_quantile,QUERY_REUSED,YES,NO
p18_reuse100,sealed_test,p18_f15_vec_covariance,p18,p18_f15_vec_covariance,p18_f15_vec_covariance,QUERY_REUSED,YES,NO
p18_reuse100,sealed_test,p18_f16_vec_scale_add,p18,p18_f16_vec_scale_add,p18_f16_vec_scale_add,QUERY_REUSED,YES,NO
p19_reuse000,sealed_test,p18_f01_vec_mean,p18,p18_f01_vec_mean,p18_f01_vec_mean,DONOR,YES,NO
p19_reuse000,sealed_test,p18_f02_vec_variance,p18,p18_f02_vec_variance,p18_f02_vec_variance,DONOR,YES,NO
p19_reuse000,sealed_test,p18_f03_vec_stddev,p18,p18_f03_vec_stddev,p18_f03_vec_stddev,DONOR,YES,NO
p19_reuse000,sealed_test,p18_f04_vec_min_max,p18,p18_f04_vec_min_max,p18_f04_vec_min_max,DONOR,YES,NO
p19_reuse000,sealed_test,p18_f05_vec_dot_product,p18,p18_f05_vec_dot_product,p18_f05_vec_dot_product,DONOR,YES,NO
p19_reuse000,sealed_test,p18_f06_vec_l1_norm,p18,p18_f06_vec_l1_norm,p18_f06_vec_l1_norm,DONOR,YES,NO
p19_reuse000,sealed_test,p18_f07_vec_l2_norm,p18,p18_f07_vec_l2_norm,p18_f07_vec_l2_norm,DONOR,YES,NO
p19_reuse000,sealed_test,p18_f08_vec_cosine_similarity,p18,p18_f08_vec_cosine_similarity,p18_f08_vec_cosine_similarity,DONOR,YES,NO
p19_reuse000,sealed_test,p18_f09_vec_normalize,p18,p18_f09_vec_normalize,p18_f09_vec_normalize,DONOR,YES,NO
p19_reuse000,sealed_test,p18_f10_vec_pearson_corr,p18,p18_f10_vec_pearson_corr,p18_f10_vec_pearson_corr,DONOR,YES,NO
p19_reuse000,sealed_test,p18_f11_vec_z_score,p18,p18_f11_vec_z_score,p18_f11_vec_z_score,DONOR,YES,NO
p19_reuse000,sealed_test,p18_f12_vec_histogram,p18,p18_f12_vec_histogram,p18_f12_vec_histogram,DONOR,YES,NO
p19_reuse000,sealed_test,p18_f13_vec_median,p18,p18_f13_vec_median,p18_f13_vec_median,DONOR,YES,NO
p19_reuse000,sealed_test,p18_f14_vec_quantile,p18,p18_f14_vec_quantile,p18_f14_vec_quantile,DONOR,YES,NO
p19_reuse000,sealed_test,p18_f15_vec_covariance,p18,p18_f15_vec_covariance,p18_f15_vec_covariance,DONOR,YES,NO
p19_reuse000,sealed_test,p18_f16_vec_scale_add,p18,p18_f16_vec_scale_add,p18_f16_vec_scale_add,DONOR,YES,NO
p19_reuse025,sealed_test,p19_f01_sp_init,p19,p19_f01_sp_init,p19_f01_sp_init,QUERY_REUSED,YES,NO
p19_reuse025,sealed_test,p19_f03_dijkstra,p19,p19_f03_dijkstra,p19_f03_dijkstra,QUERY_REUSED,YES,NO
p19_reuse025,sealed_test,p19_f11_eccentricity,p19,p19_f11_eccentricity,p19_f11_eccentricity,QUERY_REUSED,YES,NO
p19_reuse025,sealed_test,p19_f16_sp_clear,p19,p19_f16_sp_clear,p19_f16_sp_clear,QUERY_REUSED,YES,NO
p19_reuse025,sealed_test,p18_f01_vec_mean,p18,p18_f01_vec_mean,p18_f01_vec_mean,DONOR,YES,NO
p19_reuse025,sealed_test,p18_f02_vec_variance,p18,p18_f02_vec_variance,p18_f02_vec_variance,DONOR,YES,NO
p19_reuse025,sealed_test,p18_f03_vec_stddev,p18,p18_f03_vec_stddev,p18_f03_vec_stddev,DONOR,YES,NO
p19_reuse025,sealed_test,p18_f05_vec_dot_product,p18,p18_f05_vec_dot_product,p18_f05_vec_dot_product,DONOR,YES,NO
p19_reuse025,sealed_test,p18_f07_vec_l2_norm,p18,p18_f07_vec_l2_norm,p18_f07_vec_l2_norm,DONOR,YES,NO
p19_reuse025,sealed_test,p18_f08_vec_cosine_similarity,p18,p18_f08_vec_cosine_similarity,p18_f08_vec_cosine_similarity,DONOR,YES,NO
p19_reuse025,sealed_test,p18_f09_vec_normalize,p18,p18_f09_vec_normalize,p18_f09_vec_normalize,DONOR,YES,NO
p19_reuse025,sealed_test,p18_f10_vec_pearson_corr,p18,p18_f10_vec_pearson_corr,p18_f10_vec_pearson_corr,DONOR,YES,NO
p19_reuse025,sealed_test,p18_f13_vec_median,p18,p18_f13_vec_median,p18_f13_vec_median,DONOR,YES,NO
p19_reuse025,sealed_test,p18_f14_vec_quantile,p18,p18_f14_vec_quantile,p18_f14_vec_quantile,DONOR,YES,NO
p19_reuse025,sealed_test,p18_f15_vec_covariance,p18,p18_f15_vec_covariance,p18_f15_vec_covariance,DONOR,YES,NO
p19_reuse025,sealed_test,p18_f16_vec_scale_add,p18,p18_f16_vec_scale_add,p18_f16_vec_scale_add,DONOR,YES,NO
p19_reuse050,sealed_test,p19_f01_sp_init,p19,p19_f01_sp_init,p19_f01_sp_init,QUERY_REUSED,YES,NO
p19_reuse050,sealed_test,p19_f03_dijkstra,p19,p19_f03_dijkstra,p19_f03_dijkstra,QUERY_REUSED,YES,NO
p19_reuse050,sealed_test,p19_f04_bellman_ford,p19,p19_f04_bellman_ford,p19_f04_bellman_ford,QUERY_REUSED,YES,NO
p19_reuse050,sealed_test,p19_f05_floyd_warshall,p19,p19_f05_floyd_warshall,p19_f05_floyd_warshall,QUERY_REUSED,YES,NO
p19_reuse050,sealed_test,p19_f06_reconstruct_path,p19,p19_f06_reconstruct_path,p19_f06_reconstruct_path,QUERY_REUSED,YES,NO
p19_reuse050,sealed_test,p19_f08_bidirectional_dijkstra,p19,p19_f08_bidirectional_dijkstra,p19_f08_bidirectional_dijkstra,QUERY_REUSED,YES,NO
p19_reuse050,sealed_test,p19_f11_eccentricity,p19,p19_f11_eccentricity,p19_f11_eccentricity,QUERY_REUSED,YES,NO
p19_reuse050,sealed_test,p19_f15_is_bipartite,p19,p19_f15_is_bipartite,p19_f15_is_bipartite,QUERY_REUSED,YES,NO
p19_reuse050,sealed_test,p18_f01_vec_mean,p18,p18_f01_vec_mean,p18_f01_vec_mean,DONOR,YES,NO
p19_reuse050,sealed_test,p18_f04_vec_min_max,p18,p18_f04_vec_min_max,p18_f04_vec_min_max,DONOR,YES,NO
p19_reuse050,sealed_test,p18_f05_vec_dot_product,p18,p18_f05_vec_dot_product,p18_f05_vec_dot_product,DONOR,YES,NO
p19_reuse050,sealed_test,p18_f07_vec_l2_norm,p18,p18_f07_vec_l2_norm,p18_f07_vec_l2_norm,DONOR,YES,NO
p19_reuse050,sealed_test,p18_f09_vec_normalize,p18,p18_f09_vec_normalize,p18_f09_vec_normalize,DONOR,YES,NO
p19_reuse050,sealed_test,p18_f10_vec_pearson_corr,p18,p18_f10_vec_pearson_corr,p18_f10_vec_pearson_corr,DONOR,YES,NO
p19_reuse050,sealed_test,p18_f14_vec_quantile,p18,p18_f14_vec_quantile,p18_f14_vec_quantile,DONOR,YES,NO
p19_reuse050,sealed_test,p18_f16_vec_scale_add,p18,p18_f16_vec_scale_add,p18_f16_vec_scale_add,DONOR,YES,NO
p19_reuse075,sealed_test,p19_f01_sp_init,p19,p19_f01_sp_init,p19_f01_sp_init,QUERY_REUSED,YES,NO
p19_reuse075,sealed_test,p19_f02_sp_add_edge,p19,p19_f02_sp_add_edge,p19_f02_sp_add_edge,QUERY_REUSED,YES,NO
p19_reuse075,sealed_test,p19_f03_dijkstra,p19,p19_f03_dijkstra,p19_f03_dijkstra,QUERY_REUSED,YES,NO
p19_reuse075,sealed_test,p19_f04_bellman_ford,p19,p19_f04_bellman_ford,p19_f04_bellman_ford,QUERY_REUSED,YES,NO
p19_reuse075,sealed_test,p19_f05_floyd_warshall,p19,p19_f05_floyd_warshall,p19_f05_floyd_warshall,QUERY_REUSED,YES,NO
p19_reuse075,sealed_test,p19_f07_has_negative_cycle,p19,p19_f07_has_negative_cycle,p19_f07_has_negative_cycle,QUERY_REUSED,YES,NO
p19_reuse075,sealed_test,p19_f09_prim_mst,p19,p19_f09_prim_mst,p19_f09_prim_mst,QUERY_REUSED,YES,NO
p19_reuse075,sealed_test,p19_f10_kruskal_mst,p19,p19_f10_kruskal_mst,p19_f10_kruskal_mst,QUERY_REUSED,YES,NO
p19_reuse075,sealed_test,p19_f11_eccentricity,p19,p19_f11_eccentricity,p19_f11_eccentricity,QUERY_REUSED,YES,NO
p19_reuse075,sealed_test,p19_f12_graph_diameter,p19,p19_f12_graph_diameter,p19_f12_graph_diameter,QUERY_REUSED,YES,NO
p19_reuse075,sealed_test,p19_f14_count_connected_components,p19,p19_f14_count_connected_components,p19_f14_count_connected_components,QUERY_REUSED,YES,NO
p19_reuse075,sealed_test,p19_f16_sp_clear,p19,p19_f16_sp_clear,p19_f16_sp_clear,QUERY_REUSED,YES,NO
p19_reuse075,sealed_test,p18_f01_vec_mean,p18,p18_f01_vec_mean,p18_f01_vec_mean,DONOR,YES,NO
p19_reuse075,sealed_test,p18_f02_vec_variance,p18,p18_f02_vec_variance,p18_f02_vec_variance,DONOR,YES,NO
p19_reuse075,sealed_test,p18_f06_vec_l1_norm,p18,p18_f06_vec_l1_norm,p18_f06_vec_l1_norm,DONOR,YES,NO
p19_reuse075,sealed_test,p18_f16_vec_scale_add,p18,p18_f16_vec_scale_add,p18_f16_vec_scale_add,DONOR,YES,NO
p19_reuse100,sealed_test,p19_f01_sp_init,p19,p19_f01_sp_init,p19_f01_sp_init,QUERY_REUSED,YES,NO
p19_reuse100,sealed_test,p19_f02_sp_add_edge,p19,p19_f02_sp_add_edge,p19_f02_sp_add_edge,QUERY_REUSED,YES,NO
p19_reuse100,sealed_test,p19_f03_dijkstra,p19,p19_f03_dijkstra,p19_f03_dijkstra,QUERY_REUSED,YES,NO
p19_reuse100,sealed_test,p19_f04_bellman_ford,p19,p19_f04_bellman_ford,p19_f04_bellman_ford,QUERY_REUSED,YES,NO
p19_reuse100,sealed_test,p19_f05_floyd_warshall,p19,p19_f05_floyd_warshall,p19_f05_floyd_warshall,QUERY_REUSED,YES,NO
p19_reuse100,sealed_test,p19_f06_reconstruct_path,p19,p19_f06_reconstruct_path,p19_f06_reconstruct_path,QUERY_REUSED,YES,NO
p19_reuse100,sealed_test,p19_f07_has_negative_cycle,p19,p19_f07_has_negative_cycle,p19_f07_has_negative_cycle,QUERY_REUSED,YES,NO
p19_reuse100,sealed_test,p19_f08_bidirectional_dijkstra,p19,p19_f08_bidirectional_dijkstra,p19_f08_bidirectional_dijkstra,QUERY_REUSED,YES,NO
p19_reuse100,sealed_test,p19_f09_prim_mst,p19,p19_f09_prim_mst,p19_f09_prim_mst,QUERY_REUSED,YES,NO
p19_reuse100,sealed_test,p19_f10_kruskal_mst,p19,p19_f10_kruskal_mst,p19_f10_kruskal_mst,QUERY_REUSED,YES,NO
p19_reuse100,sealed_test,p19_f11_eccentricity,p19,p19_f11_eccentricity,p19_f11_eccentricity,QUERY_REUSED,YES,NO
p19_reuse100,sealed_test,p19_f12_graph_diameter,p19,p19_f12_graph_diameter,p19_f12_graph_diameter,QUERY_REUSED,YES,NO
p19_reuse100,sealed_test,p19_f13_graph_radius,p19,p19_f13_graph_radius,p19_f13_graph_radius,QUERY_REUSED,YES,NO
p19_reuse100,sealed_test,p19_f14_count_connected_components,p19,p19_f14_count_connected_components,p19_f14_count_connected_components,QUERY_REUSED,YES,NO
p19_reuse100,sealed_test,p19_f15_is_bipartite,p19,p19_f15_is_bipartite,p19_f15_is_bipartite,QUERY_REUSED,YES,NO
p19_reuse100,sealed_test,p19_f16_sp_clear,p19,p19_f16_sp_clear,p19_f16_sp_clear,QUERY_REUSED,YES,NO
p20_reuse000,sealed_test,p19_f01_sp_init,p19,p19_f01_sp_init,p19_f01_sp_init,DONOR,YES,NO
p20_reuse000,sealed_test,p19_f02_sp_add_edge,p19,p19_f02_sp_add_edge,p19_f02_sp_add_edge,DONOR,YES,NO
p20_reuse000,sealed_test,p19_f03_dijkstra,p19,p19_f03_dijkstra,p19_f03_dijkstra,DONOR,YES,NO
p20_reuse000,sealed_test,p19_f04_bellman_ford,p19,p19_f04_bellman_ford,p19_f04_bellman_ford,DONOR,YES,NO
p20_reuse000,sealed_test,p19_f05_floyd_warshall,p19,p19_f05_floyd_warshall,p19_f05_floyd_warshall,DONOR,YES,NO
p20_reuse000,sealed_test,p19_f06_reconstruct_path,p19,p19_f06_reconstruct_path,p19_f06_reconstruct_path,DONOR,YES,NO
p20_reuse000,sealed_test,p19_f07_has_negative_cycle,p19,p19_f07_has_negative_cycle,p19_f07_has_negative_cycle,DONOR,YES,NO
p20_reuse000,sealed_test,p19_f08_bidirectional_dijkstra,p19,p19_f08_bidirectional_dijkstra,p19_f08_bidirectional_dijkstra,DONOR,YES,NO
p20_reuse000,sealed_test,p19_f09_prim_mst,p19,p19_f09_prim_mst,p19_f09_prim_mst,DONOR,YES,NO
p20_reuse000,sealed_test,p19_f10_kruskal_mst,p19,p19_f10_kruskal_mst,p19_f10_kruskal_mst,DONOR,YES,NO
p20_reuse000,sealed_test,p19_f11_eccentricity,p19,p19_f11_eccentricity,p19_f11_eccentricity,DONOR,YES,NO
p20_reuse000,sealed_test,p19_f12_graph_diameter,p19,p19_f12_graph_diameter,p19_f12_graph_diameter,DONOR,YES,NO
p20_reuse000,sealed_test,p19_f13_graph_radius,p19,p19_f13_graph_radius,p19_f13_graph_radius,DONOR,YES,NO
p20_reuse000,sealed_test,p19_f14_count_connected_components,p19,p19_f14_count_connected_components,p19_f14_count_connected_components,DONOR,YES,NO
p20_reuse000,sealed_test,p19_f15_is_bipartite,p19,p19_f15_is_bipartite,p19_f15_is_bipartite,DONOR,YES,NO
p20_reuse000,sealed_test,p19_f16_sp_clear,p19,p19_f16_sp_clear,p19_f16_sp_clear,DONOR,YES,NO
p20_reuse025,sealed_test,p20_f03_ring_is_full,p20,p20_f03_ring_is_full,p20_f03_ring_is_full,QUERY_REUSED,YES,NO
p20_reuse025,sealed_test,p20_f06_ring_write_byte,p20,p20_f06_ring_write_byte,p20_f06_ring_write_byte,QUERY_REUSED,YES,NO
p20_reuse025,sealed_test,p20_f09_ring_read_slice,p20,p20_f09_ring_read_slice,p20_f09_ring_read_slice,QUERY_REUSED,YES,NO
p20_reuse025,sealed_test,p20_f11_ring_discard,p20,p20_f11_ring_discard,p20_f11_ring_discard,QUERY_REUSED,YES,NO
p20_reuse025,sealed_test,p19_f01_sp_init,p19,p19_f01_sp_init,p19_f01_sp_init,DONOR,YES,NO
p20_reuse025,sealed_test,p19_f02_sp_add_edge,p19,p19_f02_sp_add_edge,p19_f02_sp_add_edge,DONOR,YES,NO
p20_reuse025,sealed_test,p19_f03_dijkstra,p19,p19_f03_dijkstra,p19_f03_dijkstra,DONOR,YES,NO
p20_reuse025,sealed_test,p19_f04_bellman_ford,p19,p19_f04_bellman_ford,p19_f04_bellman_ford,DONOR,YES,NO
p20_reuse025,sealed_test,p19_f05_floyd_warshall,p19,p19_f05_floyd_warshall,p19_f05_floyd_warshall,DONOR,YES,NO
p20_reuse025,sealed_test,p19_f06_reconstruct_path,p19,p19_f06_reconstruct_path,p19_f06_reconstruct_path,DONOR,YES,NO
p20_reuse025,sealed_test,p19_f07_has_negative_cycle,p19,p19_f07_has_negative_cycle,p19_f07_has_negative_cycle,DONOR,YES,NO
p20_reuse025,sealed_test,p19_f09_prim_mst,p19,p19_f09_prim_mst,p19_f09_prim_mst,DONOR,YES,NO
p20_reuse025,sealed_test,p19_f11_eccentricity,p19,p19_f11_eccentricity,p19_f11_eccentricity,DONOR,YES,NO
p20_reuse025,sealed_test,p19_f14_count_connected_components,p19,p19_f14_count_connected_components,p19_f14_count_connected_components,DONOR,YES,NO
p20_reuse025,sealed_test,p19_f15_is_bipartite,p19,p19_f15_is_bipartite,p19_f15_is_bipartite,DONOR,YES,NO
p20_reuse025,sealed_test,p19_f16_sp_clear,p19,p19_f16_sp_clear,p19_f16_sp_clear,DONOR,YES,NO
p20_reuse050,sealed_test,p20_f01_ring_init,p20,p20_f01_ring_init,p20_f01_ring_init,QUERY_REUSED,YES,NO
p20_reuse050,sealed_test,p20_f04_ring_available,p20,p20_f04_ring_available,p20_f04_ring_available,QUERY_REUSED,YES,NO
p20_reuse050,sealed_test,p20_f06_ring_write_byte,p20,p20_f06_ring_write_byte,p20_f06_ring_write_byte,QUERY_REUSED,YES,NO
p20_reuse050,sealed_test,p20_f07_ring_read_byte,p20,p20_f07_ring_read_byte,p20_f07_ring_read_byte,QUERY_REUSED,YES,NO
p20_reuse050,sealed_test,p20_f11_ring_discard,p20,p20_f11_ring_discard,p20_f11_ring_discard,QUERY_REUSED,YES,NO
p20_reuse050,sealed_test,p20_f12_ring_find_marker,p20,p20_f12_ring_find_marker,p20_f12_ring_find_marker,QUERY_REUSED,YES,NO
p20_reuse050,sealed_test,p20_f13_ring_linearize,p20,p20_f13_ring_linearize,p20_f13_ring_linearize,QUERY_REUSED,YES,NO
p20_reuse050,sealed_test,p20_f16_ring_clear,p20,p20_f16_ring_clear,p20_f16_ring_clear,QUERY_REUSED,YES,NO
p20_reuse050,sealed_test,p19_f03_dijkstra,p19,p19_f03_dijkstra,p19_f03_dijkstra,DONOR,YES,NO
p20_reuse050,sealed_test,p19_f04_bellman_ford,p19,p19_f04_bellman_ford,p19_f04_bellman_ford,DONOR,YES,NO
p20_reuse050,sealed_test,p19_f05_floyd_warshall,p19,p19_f05_floyd_warshall,p19_f05_floyd_warshall,DONOR,YES,NO
p20_reuse050,sealed_test,p19_f07_has_negative_cycle,p19,p19_f07_has_negative_cycle,p19_f07_has_negative_cycle,DONOR,YES,NO
p20_reuse050,sealed_test,p19_f09_prim_mst,p19,p19_f09_prim_mst,p19_f09_prim_mst,DONOR,YES,NO
p20_reuse050,sealed_test,p19_f11_eccentricity,p19,p19_f11_eccentricity,p19_f11_eccentricity,DONOR,YES,NO
p20_reuse050,sealed_test,p19_f12_graph_diameter,p19,p19_f12_graph_diameter,p19_f12_graph_diameter,DONOR,YES,NO
p20_reuse050,sealed_test,p19_f13_graph_radius,p19,p19_f13_graph_radius,p19_f13_graph_radius,DONOR,YES,NO
p20_reuse075,sealed_test,p20_f01_ring_init,p20,p20_f01_ring_init,p20_f01_ring_init,QUERY_REUSED,YES,NO
p20_reuse075,sealed_test,p20_f02_ring_is_empty,p20,p20_f02_ring_is_empty,p20_f02_ring_is_empty,QUERY_REUSED,YES,NO
p20_reuse075,sealed_test,p20_f03_ring_is_full,p20,p20_f03_ring_is_full,p20_f03_ring_is_full,QUERY_REUSED,YES,NO
p20_reuse075,sealed_test,p20_f04_ring_available,p20,p20_f04_ring_available,p20_f04_ring_available,QUERY_REUSED,YES,NO
p20_reuse075,sealed_test,p20_f08_ring_write_slice,p20,p20_f08_ring_write_slice,p20_f08_ring_write_slice,QUERY_REUSED,YES,NO
p20_reuse075,sealed_test,p20_f09_ring_read_slice,p20,p20_f09_ring_read_slice,p20_f09_ring_read_slice,QUERY_REUSED,YES,NO
p20_reuse075,sealed_test,p20_f10_ring_peek_byte,p20,p20_f10_ring_peek_byte,p20_f10_ring_peek_byte,QUERY_REUSED,YES,NO
p20_reuse075,sealed_test,p20_f11_ring_discard,p20,p20_f11_ring_discard,p20_f11_ring_discard,QUERY_REUSED,YES,NO
p20_reuse075,sealed_test,p20_f12_ring_find_marker,p20,p20_f12_ring_find_marker,p20_f12_ring_find_marker,QUERY_REUSED,YES,NO
p20_reuse075,sealed_test,p20_f13_ring_linearize,p20,p20_f13_ring_linearize,p20_f13_ring_linearize,QUERY_REUSED,YES,NO
p20_reuse075,sealed_test,p20_f15_ring_checksum,p20,p20_f15_ring_checksum,p20_f15_ring_checksum,QUERY_REUSED,YES,NO
p20_reuse075,sealed_test,p20_f16_ring_clear,p20,p20_f16_ring_clear,p20_f16_ring_clear,QUERY_REUSED,YES,NO
p20_reuse075,sealed_test,p19_f03_dijkstra,p19,p19_f03_dijkstra,p19_f03_dijkstra,DONOR,YES,NO
p20_reuse075,sealed_test,p19_f04_bellman_ford,p19,p19_f04_bellman_ford,p19_f04_bellman_ford,DONOR,YES,NO
p20_reuse075,sealed_test,p19_f07_has_negative_cycle,p19,p19_f07_has_negative_cycle,p19_f07_has_negative_cycle,DONOR,YES,NO
p20_reuse075,sealed_test,p19_f15_is_bipartite,p19,p19_f15_is_bipartite,p19_f15_is_bipartite,DONOR,YES,NO
p20_reuse100,sealed_test,p20_f01_ring_init,p20,p20_f01_ring_init,p20_f01_ring_init,QUERY_REUSED,YES,NO
p20_reuse100,sealed_test,p20_f02_ring_is_empty,p20,p20_f02_ring_is_empty,p20_f02_ring_is_empty,QUERY_REUSED,YES,NO
p20_reuse100,sealed_test,p20_f03_ring_is_full,p20,p20_f03_ring_is_full,p20_f03_ring_is_full,QUERY_REUSED,YES,NO
p20_reuse100,sealed_test,p20_f04_ring_available,p20,p20_f04_ring_available,p20_f04_ring_available,QUERY_REUSED,YES,NO
p20_reuse100,sealed_test,p20_f05_ring_free_space,p20,p20_f05_ring_free_space,p20_f05_ring_free_space,QUERY_REUSED,YES,NO
p20_reuse100,sealed_test,p20_f06_ring_write_byte,p20,p20_f06_ring_write_byte,p20_f06_ring_write_byte,QUERY_REUSED,YES,NO
p20_reuse100,sealed_test,p20_f07_ring_read_byte,p20,p20_f07_ring_read_byte,p20_f07_ring_read_byte,QUERY_REUSED,YES,NO
p20_reuse100,sealed_test,p20_f08_ring_write_slice,p20,p20_f08_ring_write_slice,p20_f08_ring_write_slice,QUERY_REUSED,YES,NO
p20_reuse100,sealed_test,p20_f09_ring_read_slice,p20,p20_f09_ring_read_slice,p20_f09_ring_read_slice,QUERY_REUSED,YES,NO
p20_reuse100,sealed_test,p20_f10_ring_peek_byte,p20,p20_f10_ring_peek_byte,p20_f10_ring_peek_byte,QUERY_REUSED,YES,NO
p20_reuse100,sealed_test,p20_f11_ring_discard,p20,p20_f11_ring_discard,p20_f11_ring_discard,QUERY_REUSED,YES,NO
p20_reuse100,sealed_test,p20_f12_ring_find_marker,p20,p20_f12_ring_find_marker,p20_f12_ring_find_marker,QUERY_REUSED,YES,NO
p20_reuse100,sealed_test,p20_f13_ring_linearize,p20,p20_f13_ring_linearize,p20_f13_ring_linearize,QUERY_REUSED,YES,NO
p20_reuse100,sealed_test,p20_f14_ring_high_watermark,p20,p20_f14_ring_high_watermark,p20_f14_ring_high_watermark,QUERY_REUSED,YES,NO
p20_reuse100,sealed_test,p20_f15_ring_checksum,p20,p20_f15_ring_checksum,p20_f15_ring_checksum,QUERY_REUSED,YES,NO
p20_reuse100,sealed_test,p20_f16_ring_clear,p20,p20_f16_ring_clear,p20_f16_ring_clear,QUERY_REUSED,YES,NO
p21_reuse000,sealed_test,p20_f01_ring_init,p20,p20_f01_ring_init,p20_f01_ring_init,DONOR,YES,NO
p21_reuse000,sealed_test,p20_f02_ring_is_empty,p20,p20_f02_ring_is_empty,p20_f02_ring_is_empty,DONOR,YES,NO
p21_reuse000,sealed_test,p20_f03_ring_is_full,p20,p20_f03_ring_is_full,p20_f03_ring_is_full,DONOR,YES,NO
p21_reuse000,sealed_test,p20_f04_ring_available,p20,p20_f04_ring_available,p20_f04_ring_available,DONOR,YES,NO
p21_reuse000,sealed_test,p20_f05_ring_free_space,p20,p20_f05_ring_free_space,p20_f05_ring_free_space,DONOR,YES,NO
p21_reuse000,sealed_test,p20_f06_ring_write_byte,p20,p20_f06_ring_write_byte,p20_f06_ring_write_byte,DONOR,YES,NO
p21_reuse000,sealed_test,p20_f07_ring_read_byte,p20,p20_f07_ring_read_byte,p20_f07_ring_read_byte,DONOR,YES,NO
p21_reuse000,sealed_test,p20_f08_ring_write_slice,p20,p20_f08_ring_write_slice,p20_f08_ring_write_slice,DONOR,YES,NO
p21_reuse000,sealed_test,p20_f09_ring_read_slice,p20,p20_f09_ring_read_slice,p20_f09_ring_read_slice,DONOR,YES,NO
p21_reuse000,sealed_test,p20_f10_ring_peek_byte,p20,p20_f10_ring_peek_byte,p20_f10_ring_peek_byte,DONOR,YES,NO
p21_reuse000,sealed_test,p20_f11_ring_discard,p20,p20_f11_ring_discard,p20_f11_ring_discard,DONOR,YES,NO
p21_reuse000,sealed_test,p20_f12_ring_find_marker,p20,p20_f12_ring_find_marker,p20_f12_ring_find_marker,DONOR,YES,NO
p21_reuse000,sealed_test,p20_f13_ring_linearize,p20,p20_f13_ring_linearize,p20_f13_ring_linearize,DONOR,YES,NO
p21_reuse000,sealed_test,p20_f14_ring_high_watermark,p20,p20_f14_ring_high_watermark,p20_f14_ring_high_watermark,DONOR,YES,NO
p21_reuse000,sealed_test,p20_f15_ring_checksum,p20,p20_f15_ring_checksum,p20_f15_ring_checksum,DONOR,YES,NO
p21_reuse000,sealed_test,p20_f16_ring_clear,p20,p20_f16_ring_clear,p20_f16_ring_clear,DONOR,YES,NO
p21_reuse025,sealed_test,p21_f07_log_filter_level,p21,p21_f07_log_filter_level,p21_f07_log_filter_level,QUERY_REUSED,YES,NO
p21_reuse025,sealed_test,p21_f08_log_search_substring,p21,p21_f08_log_search_substring,p21_f08_log_search_substring,QUERY_REUSED,YES,NO
p21_reuse025,sealed_test,p21_f09_log_checksum,p21,p21_f09_log_checksum,p21_f09_log_checksum,QUERY_REUSED,YES,NO
p21_reuse025,sealed_test,p21_f14_log_truncate_older,p21,p21_f14_log_truncate_older,p21_f14_log_truncate_older,QUERY_REUSED,YES,NO
p21_reuse025,sealed_test,p20_f01_ring_init,p20,p20_f01_ring_init,p20_f01_ring_init,DONOR,YES,NO
p21_reuse025,sealed_test,p20_f02_ring_is_empty,p20,p20_f02_ring_is_empty,p20_f02_ring_is_empty,DONOR,YES,NO
p21_reuse025,sealed_test,p20_f03_ring_is_full,p20,p20_f03_ring_is_full,p20_f03_ring_is_full,DONOR,YES,NO
p21_reuse025,sealed_test,p20_f04_ring_available,p20,p20_f04_ring_available,p20_f04_ring_available,DONOR,YES,NO
p21_reuse025,sealed_test,p20_f05_ring_free_space,p20,p20_f05_ring_free_space,p20_f05_ring_free_space,DONOR,YES,NO
p21_reuse025,sealed_test,p20_f06_ring_write_byte,p20,p20_f06_ring_write_byte,p20_f06_ring_write_byte,DONOR,YES,NO
p21_reuse025,sealed_test,p20_f07_ring_read_byte,p20,p20_f07_ring_read_byte,p20_f07_ring_read_byte,DONOR,YES,NO
p21_reuse025,sealed_test,p20_f08_ring_write_slice,p20,p20_f08_ring_write_slice,p20_f08_ring_write_slice,DONOR,YES,NO
p21_reuse025,sealed_test,p20_f10_ring_peek_byte,p20,p20_f10_ring_peek_byte,p20_f10_ring_peek_byte,DONOR,YES,NO
p21_reuse025,sealed_test,p20_f11_ring_discard,p20,p20_f11_ring_discard,p20_f11_ring_discard,DONOR,YES,NO
p21_reuse025,sealed_test,p20_f14_ring_high_watermark,p20,p20_f14_ring_high_watermark,p20_f14_ring_high_watermark,DONOR,YES,NO
p21_reuse025,sealed_test,p20_f16_ring_clear,p20,p20_f16_ring_clear,p20_f16_ring_clear,DONOR,YES,NO
p21_reuse050,sealed_test,p21_f01_log_init,p21,p21_f01_log_init,p21_f01_log_init,QUERY_REUSED,YES,NO
p21_reuse050,sealed_test,p21_f03_log_get_by_seq,p21,p21_f03_log_get_by_seq,p21_f03_log_get_by_seq,QUERY_REUSED,YES,NO
p21_reuse050,sealed_test,p21_f04_log_get_latest,p21,p21_f04_log_get_latest,p21_f04_log_get_latest,QUERY_REUSED,YES,NO
p21_reuse050,sealed_test,p21_f05_log_get_oldest,p21,p21_f05_log_get_oldest,p21_f05_log_get_oldest,QUERY_REUSED,YES,NO
p21_reuse050,sealed_test,p21_f07_log_filter_level,p21,p21_f07_log_filter_level,p21_f07_log_filter_level,QUERY_REUSED,YES,NO
p21_reuse050,sealed_test,p21_f09_log_checksum,p21,p21_f09_log_checksum,p21_f09_log_checksum,QUERY_REUSED,YES,NO
p21_reuse050,sealed_test,p21_f11_rle_compress,p21,p21_f11_rle_compress,p21_f11_rle_compress,QUERY_REUSED,YES,NO
p21_reuse050,sealed_test,p21_f12_rle_decompress,p21,p21_f12_rle_decompress,p21_f12_rle_decompress,QUERY_REUSED,YES,NO
p21_reuse050,sealed_test,p20_f04_ring_available,p20,p20_f04_ring_available,p20_f04_ring_available,DONOR,YES,NO
p21_reuse050,sealed_test,p20_f06_ring_write_byte,p20,p20_f06_ring_write_byte,p20_f06_ring_write_byte,DONOR,YES,NO
p21_reuse050,sealed_test,p20_f07_ring_read_byte,p20,p20_f07_ring_read_byte,p20_f07_ring_read_byte,DONOR,YES,NO
p21_reuse050,sealed_test,p20_f08_ring_write_slice,p20,p20_f08_ring_write_slice,p20_f08_ring_write_slice,DONOR,YES,NO
p21_reuse050,sealed_test,p20_f10_ring_peek_byte,p20,p20_f10_ring_peek_byte,p20_f10_ring_peek_byte,DONOR,YES,NO
p21_reuse050,sealed_test,p20_f13_ring_linearize,p20,p20_f13_ring_linearize,p20_f13_ring_linearize,DONOR,YES,NO
p21_reuse050,sealed_test,p20_f14_ring_high_watermark,p20,p20_f14_ring_high_watermark,p20_f14_ring_high_watermark,DONOR,YES,NO
p21_reuse050,sealed_test,p20_f15_ring_checksum,p20,p20_f15_ring_checksum,p20_f15_ring_checksum,DONOR,YES,NO
p21_reuse075,sealed_test,p21_f01_log_init,p21,p21_f01_log_init,p21_f01_log_init,QUERY_REUSED,YES,NO
p21_reuse075,sealed_test,p21_f02_log_append,p21,p21_f02_log_append,p21_f02_log_append,QUERY_REUSED,YES,NO
p21_reuse075,sealed_test,p21_f04_log_get_latest,p21,p21_f04_log_get_latest,p21_f04_log_get_latest,QUERY_REUSED,YES,NO
p21_reuse075,sealed_test,p21_f05_log_get_oldest,p21,p21_f05_log_get_oldest,p21_f05_log_get_oldest,QUERY_REUSED,YES,NO
p21_reuse075,sealed_test,p21_f06_log_count,p21,p21_f06_log_count,p21_f06_log_count,QUERY_REUSED,YES,NO
p21_reuse075,sealed_test,p21_f07_log_filter_level,p21,p21_f07_log_filter_level,p21_f07_log_filter_level,QUERY_REUSED,YES,NO
p21_reuse075,sealed_test,p21_f08_log_search_substring,p21,p21_f08_log_search_substring,p21_f08_log_search_substring,QUERY_REUSED,YES,NO
p21_reuse075,sealed_test,p21_f09_log_checksum,p21,p21_f09_log_checksum,p21_f09_log_checksum,QUERY_REUSED,YES,NO
p21_reuse075,sealed_test,p21_f12_rle_decompress,p21,p21_f12_rle_decompress,p21_f12_rle_decompress,QUERY_REUSED,YES,NO
p21_reuse075,sealed_test,p21_f13_log_filter_timestamp,p21,p21_f13_log_filter_timestamp,p21_f13_log_filter_timestamp,QUERY_REUSED,YES,NO
p21_reuse075,sealed_test,p21_f14_log_truncate_older,p21,p21_f14_log_truncate_older,p21_f14_log_truncate_older,QUERY_REUSED,YES,NO
p21_reuse075,sealed_test,p21_f16_log_clear,p21,p21_f16_log_clear,p21_f16_log_clear,QUERY_REUSED,YES,NO
p21_reuse075,sealed_test,p20_f01_ring_init,p20,p20_f01_ring_init,p20_f01_ring_init,DONOR,YES,NO
p21_reuse075,sealed_test,p20_f08_ring_write_slice,p20,p20_f08_ring_write_slice,p20_f08_ring_write_slice,DONOR,YES,NO
p21_reuse075,sealed_test,p20_f11_ring_discard,p20,p20_f11_ring_discard,p20_f11_ring_discard,DONOR,YES,NO
p21_reuse075,sealed_test,p20_f14_ring_high_watermark,p20,p20_f14_ring_high_watermark,p20_f14_ring_high_watermark,DONOR,YES,NO
p21_reuse100,sealed_test,p21_f01_log_init,p21,p21_f01_log_init,p21_f01_log_init,QUERY_REUSED,YES,NO
p21_reuse100,sealed_test,p21_f02_log_append,p21,p21_f02_log_append,p21_f02_log_append,QUERY_REUSED,YES,NO
p21_reuse100,sealed_test,p21_f03_log_get_by_seq,p21,p21_f03_log_get_by_seq,p21_f03_log_get_by_seq,QUERY_REUSED,YES,NO
p21_reuse100,sealed_test,p21_f04_log_get_latest,p21,p21_f04_log_get_latest,p21_f04_log_get_latest,QUERY_REUSED,YES,NO
p21_reuse100,sealed_test,p21_f05_log_get_oldest,p21,p21_f05_log_get_oldest,p21_f05_log_get_oldest,QUERY_REUSED,YES,NO
p21_reuse100,sealed_test,p21_f06_log_count,p21,p21_f06_log_count,p21_f06_log_count,QUERY_REUSED,YES,NO
p21_reuse100,sealed_test,p21_f07_log_filter_level,p21,p21_f07_log_filter_level,p21_f07_log_filter_level,QUERY_REUSED,YES,NO
p21_reuse100,sealed_test,p21_f08_log_search_substring,p21,p21_f08_log_search_substring,p21_f08_log_search_substring,QUERY_REUSED,YES,NO
p21_reuse100,sealed_test,p21_f09_log_checksum,p21,p21_f09_log_checksum,p21_f09_log_checksum,QUERY_REUSED,YES,NO
p21_reuse100,sealed_test,p21_f10_log_verify_checksum,p21,p21_f10_log_verify_checksum,p21_f10_log_verify_checksum,QUERY_REUSED,YES,NO
p21_reuse100,sealed_test,p21_f11_rle_compress,p21,p21_f11_rle_compress,p21_f11_rle_compress,QUERY_REUSED,YES,NO
p21_reuse100,sealed_test,p21_f12_rle_decompress,p21,p21_f12_rle_decompress,p21_f12_rle_decompress,QUERY_REUSED,YES,NO
p21_reuse100,sealed_test,p21_f13_log_filter_timestamp,p21,p21_f13_log_filter_timestamp,p21_f13_log_filter_timestamp,QUERY_REUSED,YES,NO
p21_reuse100,sealed_test,p21_f14_log_truncate_older,p21,p21_f14_log_truncate_older,p21_f14_log_truncate_older,QUERY_REUSED,YES,NO
p21_reuse100,sealed_test,p21_f15_log_export_stats,p21,p21_f15_log_export_stats,p21_f15_log_export_stats,QUERY_REUSED,YES,NO
p21_reuse100,sealed_test,p21_f16_log_clear,p21,p21_f16_log_clear,p21_f16_log_clear,QUERY_REUSED,YES,NO
